passenger_id,nb_abonnements,nb_annulations,nb_renouvellements,anciennete_jours,transport_type,plan_type,prix_moyen,duree_moy_jours,montant_total_paye,points_cumules,niveau_loyalty,nb_transactions,a_abonnement_actif,jours_restants,taux_annulation,inactivite_points,expire_sans_renew,courte_duree,score_recommandation,churn,churn_prob,recommended_plan,clv_12mois,action_recommandee
1,5,2,3,299,FERRY,FREE,3.52,160,10.57,323,SILVER,16,0,0,0.4,0.462,1,0.556,0.369,1,0.952,BASIC,38.54,CODE_PROMO_URGENCE
2,5,3,2,614,TRAIN,BASIC,31.06,251,62.12,686,GOLD,7,0,0,0.6,0.0,1,0.303,0.657,1,0.914,PREMIUM,191.69,CODE_PROMO_URGENCE
3,3,1,2,838,METRO,FREE,4.68,365,9.36,408,SILVER,0,1,143,0.333,0.32,0,0.0,0.373,0,0.294,BASIC,54.43,PROPOSER_UPGRADE_BASIC
4,5,2,3,859,BUS,BASIC,25.93,195,77.8,423,SILVER,7,0,0,0.4,0.295,1,0.458,0.568,1,0.93,BASIC,192.51,CODE_PROMO_URGENCE
5,5,2,3,218,BUS,PREMIUM,61.95,70,185.85,192,BRONZE,2,0,0,0.4,0.68,1,0.806,0.64,1,0.976,BASIC,296.12,OFFRE_RETENTION_PREMIUM
6,1,0,1,170,METRO,FREE,0.0,90,0.0,185,BRONZE,14,1,313,0.0,0.692,0,0.75,0.207,0,0.255,FREE,2.22,MAINTENIR_ENGAGEMENT
7,3,3,0,531,FERRY,BASIC,29.06,299,0.0,101,BRONZE,25,0,0,1.0,0.832,1,0.169,0.376,1,0.991,BASIC,104.31,CODE_PROMO_URGENCE
8,6,0,6,69,BUS,PREMIUM,59.48,36,356.87,174,BRONZE,14,0,0,0.0,0.71,0,0.9,0.703,1,0.702,PREMIUM,403.15,OFFRE_RETENTION_PREMIUM
9,5,2,3,771,TRAIN,FREE,3.4,307,10.19,493,SILVER,0,1,206,0.4,0.178,0,0.147,0.439,0,0.244,BASIC,44.69,PROPOSER_UPGRADE_BASIC
10,3,2,1,400,FERRY,BASIC,30.65,277,30.65,410,SILVER,4,0,0,0.667,0.317,1,0.231,0.535,1,0.953,BASIC,150.13,CODE_PROMO_URGENCE
11,8,0,8,850,TRAIN,BASIC,26.3,318,210.37,364,SILVER,24,0,0,0.0,0.393,0,0.117,0.676,0,0.343,PREMIUM,316.63,PROPOSER_UPGRADE_PREMIUM
12,8,2,6,490,FERRY,BASIC,24.94,284,149.61,373,SILVER,23,1,286,0.25,0.378,0,0.211,0.63,0,0.181,BASIC,239.74,MAINTENIR_ENGAGEMENT
13,4,3,1,555,METRO,FREE,4.97,255,4.97,312,SILVER,3,1,336,0.75,0.48,0,0.292,0.325,0,0.437,FREE,34.77,MAINTENIR_ENGAGEMENT
14,3,0,3,75,BUS,BASIC,24.75,171,74.25,417,SILVER,17,1,313,0.0,0.305,0,0.525,0.537,0,0.115,BASIC,114.85,MAINTENIR_ENGAGEMENT
15,8,2,6,344,BUS,BASIC,33.21,332,199.28,80,BRONZE,24,0,0,0.25,0.867,1,0.078,0.566,1,0.941,BASIC,293.37,CODE_PROMO_URGENCE
16,4,2,2,54,METRO,PREMIUM,56.23,111,112.46,604,GOLD,29,0,0,0.5,0.0,1,0.692,0.78,1,0.93,PREMIUM,140.8,OFFRE_RETENTION_PREMIUM
17,2,2,0,597,BUS,PREMIUM,56.26,134,0.0,476,SILVER,26,1,182,1.0,0.207,0,0.628,0.668,1,0.755,PREMIUM,235.73,OFFRE_RETENTION_PREMIUM
18,8,1,7,330,METRO,PREMIUM,55.6,134,389.18,137,BRONZE,24,1,310,0.125,0.772,0,0.628,0.727,0,0.322,PREMIUM,554.06,MAINTENIR_ENGAGEMENT
19,4,1,3,365,FERRY,BASIC,26.52,169,79.55,640,GOLD,19,0,0,0.25,0.0,1,0.531,0.636,1,0.853,BASIC,197.29,CODE_PROMO_URGENCE
20,4,0,4,593,TRAMWAY,FREE,2.06,210,8.25,572,GOLD,6,0,0,0.0,0.047,0,0.417,0.473,0,0.286,BASIC,48.19,PROPOSER_UPGRADE_BASIC
21,6,0,6,429,FERRY,PREMIUM,55.5,134,332.99,333,SILVER,0,1,324,0.0,0.445,0,0.628,0.769,0,0.152,PREMIUM,551.46,MAINTENIR_ENGAGEMENT
22,8,0,8,390,TRAIN,FREE,4.31,341,34.46,445,SILVER,13,0,0,0.0,0.258,0,0.053,0.556,0,0.275,BASIC,74.77,PROPOSER_UPGRADE_BASIC
23,4,3,1,168,TRAMWAY,FREE,0.0,264,0.0,108,BRONZE,20,0,0,0.75,0.82,1,0.267,0.205,1,0.985,FREE,3.7,CODE_PROMO_URGENCE
24,3,2,1,179,TRAMWAY,BASIC,29.1,135,29.1,514,GOLD,19,1,37,0.667,0.143,0,0.625,0.568,1,0.726,BASIC,102.7,CODE_PROMO_URGENCE
25,1,0,1,897,BUS,BASIC,27.8,323,27.8,339,SILVER,3,1,106,0.0,0.435,0,0.103,0.466,0,0.236,BASIC,151.66,MAINTENIR_ENGAGEMENT
26,2,0,2,656,BUS,BASIC,33.96,137,67.92,613,GOLD,23,0,0,0.0,0.0,0,0.619,0.648,0,0.319,BASIC,215.51,MAINTENIR_ENGAGEMENT
27,6,2,4,812,TRAIN,BASIC,28.09,182,112.35,660,GOLD,24,0,0,0.333,0.0,1,0.494,0.687,1,0.873,PREMIUM,234.35,CODE_PROMO_URGENCE
28,6,0,6,208,METRO,FREE,2.41,248,14.49,475,SILVER,8,0,0,0.0,0.208,0,0.311,0.495,0,0.32,BASIC,49.83,PROPOSER_UPGRADE_BASIC
29,5,0,5,497,TRAMWAY,FREE,2.27,52,11.37,311,SILVER,18,1,119,0.0,0.482,0,0.856,0.396,0,0.436,BASIC,43.28,PROPOSER_UPGRADE_BASIC
30,6,1,5,261,BUS,FREE,0.0,230,0.0,641,GOLD,25,1,320,0.167,0.0,0,0.361,0.51,0,0.083,BASIC,30.61,PROPOSER_UPGRADE_BASIC
31,5,2,3,113,TRAMWAY,PREMIUM,55.39,151,166.17,528,GOLD,26,1,221,0.4,0.12,0,0.581,0.78,0,0.31,PREMIUM,225.66,MAINTENIR_ENGAGEMENT
32,1,0,1,113,BUS,BASIC,28.95,267,28.95,538,GOLD,17,0,0,0.0,0.103,0,0.258,0.557,0,0.268,BASIC,84.36,MAINTENIR_ENGAGEMENT
33,5,0,5,350,FERRY,FREE,0.0,62,0.0,147,BRONZE,13,1,204,0.0,0.755,0,0.828,0.311,0,0.434,FREE,4.45,MAINTENIR_ENGAGEMENT
34,6,0,6,613,METRO,BASIC,31.89,299,191.33,43,BRONZE,16,1,233,0.0,0.928,0,0.169,0.521,0,0.289,BASIC,301.45,BOOST_POINTS_LOYALTY
35,5,1,4,45,TRAMWAY,FREE,0.0,338,0.0,671,GOLD,21,1,40,0.2,0.0,0,0.061,0.48,0,0.241,BASIC,31.63,PROPOSER_UPGRADE_BASIC
36,2,1,1,486,FERRY,PREMIUM,55.22,356,55.22,50,BRONZE,25,1,361,0.5,0.917,0,0.011,0.511,0,0.362,BASIC,233.94,MAINTENIR_ENGAGEMENT
37,4,2,2,526,TRAMWAY,BASIC,32.79,262,65.58,606,GOLD,19,0,0,0.5,0.0,1,0.272,0.66,1,0.889,PREMIUM,209.53,CODE_PROMO_URGENCE
38,7,2,5,190,TRAMWAY,FREE,0.0,312,0.0,318,SILVER,15,1,347,0.286,0.47,0,0.133,0.403,0,0.157,BASIC,19.27,PROPOSER_UPGRADE_BASIC
39,6,1,5,792,TRAIN,BASIC,28.91,362,144.56,266,SILVER,24,0,0,0.167,0.557,1,0.0,0.573,1,0.872,BASIC,245.44,CODE_PROMO_URGENCE
40,8,1,7,335,METRO,BASIC,24.72,163,173.03,311,SILVER,9,0,0,0.125,0.482,1,0.547,0.623,1,0.912,BASIC,259.69,CODE_PROMO_URGENCE
41,5,0,5,696,TRAMWAY,BASIC,24.43,297,122.14,793,GOLD,12,0,0,0.0,0.0,0,0.175,0.671,0,0.216,PREMIUM,252.64,PROPOSER_UPGRADE_PREMIUM
42,8,1,7,602,BUS,BASIC,31.39,184,219.74,441,SILVER,15,0,0,0.125,0.265,1,0.489,0.723,1,0.867,PREMIUM,343.66,CODE_PROMO_URGENCE
43,3,2,1,351,TRAIN,BASIC,24.57,130,24.57,776,GOLD,29,1,85,0.667,0.0,0,0.639,0.572,1,0.615,BASIC,138.6,CODE_PROMO_URGENCE
44,5,0,5,231,FERRY,BASIC,33.7,210,168.52,237,SILVER,5,0,0,0.0,0.605,0,0.417,0.585,1,0.522,BASIC,259.85,CODE_PROMO_URGENCE
45,3,0,3,886,FERRY,BASIC,24.83,97,74.5,662,GOLD,29,0,0,0.0,0.0,0,0.731,0.614,0,0.349,BASIC,194.33,MAINTENIR_ENGAGEMENT
46,4,2,2,674,TRAIN,PREMIUM,61.71,239,123.41,34,BRONZE,30,0,0,0.5,0.943,1,0.336,0.544,1,0.979,BASIC,317.78,OFFRE_RETENTION_PREMIUM
47,6,2,4,290,TRAIN,BASIC,27.12,224,108.49,597,GOLD,9,1,48,0.333,0.005,0,0.378,0.679,0,0.385,PREMIUM,193.63,PROPOSER_UPGRADE_PREMIUM
48,5,1,4,853,BUS,FREE,0.0,38,0.0,302,SILVER,22,0,0,0.2,0.497,1,0.894,0.356,1,0.951,BASIC,16.03,CODE_PROMO_URGENCE
49,1,1,0,190,TRAMWAY,PREMIUM,60.38,186,0.0,607,GOLD,13,0,0,1.0,0.0,1,0.483,0.71,1,0.973,PREMIUM,145.04,OFFRE_RETENTION_PREMIUM
50,5,1,4,180,METRO,FREE,0.26,360,1.04,239,SILVER,30,1,190,0.2,0.602,0,0.0,0.331,0,0.277,FREE,17.66,MAINTENIR_ENGAGEMENT
51,7,3,4,86,METRO,FREE,2.12,41,8.48,721,GOLD,13,0,0,0.429,0.0,1,0.886,0.515,1,0.933,BASIC,42.43,CODE_PROMO_URGENCE
52,8,0,8,543,TRAIN,FREE,0.0,124,0.0,625,GOLD,1,1,289,0.0,0.0,0,0.656,0.59,0,0.091,BASIC,17.6,PROPOSER_UPGRADE_BASIC
53,7,2,5,117,METRO,FREE,3.84,188,19.19,77,BRONZE,19,0,0,0.286,0.872,1,0.478,0.329,1,0.966,FREE,24.5,CODE_PROMO_URGENCE
54,5,1,4,122,TRAMWAY,FREE,1.96,130,7.82,798,GOLD,28,0,0,0.2,0.0,1,0.639,0.494,1,0.854,BASIC,47.0,CODE_PROMO_URGENCE
55,5,0,5,497,FERRY,PREMIUM,57.27,217,286.34,71,BRONZE,0,0,0,0.0,0.882,0,0.397,0.63,1,0.637,BASIC,501.35,OFFRE_RETENTION_PREMIUM
56,6,2,4,257,TRAMWAY,PREMIUM,60.73,99,242.92,720,GOLD,10,1,237,0.333,0.0,0,0.725,0.84,0,0.251,PREMIUM,396.96,MAINTENIR_ENGAGEMENT
57,1,1,0,898,BUS,PREMIUM,58.42,174,0.0,396,SILVER,21,0,0,1.0,0.34,1,0.517,0.625,1,0.986,BASIC,227.52,OFFRE_RETENTION_PREMIUM
58,4,2,2,496,TRAMWAY,PREMIUM,55.22,79,110.45,467,SILVER,19,1,277,0.5,0.222,0,0.781,0.725,0,0.394,PREMIUM,313.45,MAINTENIR_ENGAGEMENT
59,1,1,0,568,METRO,FREE,0.0,76,0.0,280,SILVER,12,0,0,1.0,0.533,1,0.789,0.227,1,0.993,FREE,15.42,CODE_PROMO_URGENCE
60,1,0,1,713,TRAMWAY,FREE,2.12,209,2.12,362,SILVER,0,0,0,0.0,0.397,0,0.419,0.296,0,0.43,FREE,40.83,MAINTENIR_ENGAGEMENT
61,1,1,0,211,TRAMWAY,FREE,1.07,190,0.0,796,GOLD,27,0,0,1.0,0.0,1,0.472,0.367,1,0.973,BASIC,40.09,CODE_PROMO_URGENCE
62,3,0,3,334,BUS,FREE,0.0,106,0.0,557,GOLD,0,0,0,0.0,0.072,0,0.706,0.422,0,0.372,BASIC,22.1,PROPOSER_UPGRADE_BASIC
63,3,2,1,532,METRO,FREE,3.9,218,3.9,599,GOLD,17,0,0,0.667,0.002,1,0.394,0.427,1,0.934,BASIC,43.41,CODE_PROMO_URGENCE
64,3,3,0,293,TRAMWAY,BASIC,27.61,296,0.0,431,SILVER,22,1,198,1.0,0.282,0,0.178,0.503,1,0.654,BASIC,99.63,CODE_PROMO_URGENCE
65,8,3,5,289,BUS,BASIC,33.19,178,165.96,553,GOLD,3,1,46,0.375,0.078,0,0.506,0.743,1,0.483,PREMIUM,262.89,CODE_PROMO_URGENCE
66,5,0,5,650,TRAIN,PREMIUM,56.63,145,283.16,387,SILVER,7,1,180,0.0,0.355,0,0.597,0.761,0,0.244,PREMIUM,498.94,MAINTENIR_ENGAGEMENT
67,8,3,5,150,TRAIN,FREE,0.5,308,2.5,638,GOLD,12,0,0,0.375,0.0,1,0.144,0.533,1,0.834,BASIC,28.41,CODE_PROMO_URGENCE
68,3,3,0,492,METRO,FREE,0.0,205,0.0,288,SILVER,17,1,100,1.0,0.52,0,0.431,0.25,1,0.87,FREE,13.4,CODE_PROMO_URGENCE
69,6,2,4,472,TRAMWAY,BASIC,25.46,90,101.84,798,GOLD,23,1,250,0.333,0.0,0,0.75,0.668,0,0.243,PREMIUM,216.79,PROPOSER_UPGRADE_PREMIUM
70,5,1,4,674,TRAMWAY,PREMIUM,57.54,133,230.18,53,BRONZE,18,1,23,0.2,0.912,0,0.631,0.602,1,0.781,BASIC,414.3,OFFRE_RETENTION_PREMIUM
71,7,3,4,507,METRO,FREE,0.0,211,0.0,672,GOLD,6,0,0,0.429,0.0,1,0.414,0.5,1,0.888,BASIC,38.27,CODE_PROMO_URGENCE
72,5,1,4,415,TRAIN,BASIC,24.7,325,98.79,644,GOLD,19,1,343,0.2,0.0,0,0.097,0.653,0,0.059,PREMIUM,212.67,PROPOSER_UPGRADE_PREMIUM
73,2,2,0,217,FERRY,BASIC,25.05,30,0.0,124,BRONZE,5,0,0,1.0,0.793,1,0.917,0.347,1,0.996,FREE,62.78,CODE_PROMO_URGENCE
74,5,0,5,54,FERRY,PREMIUM,63.15,190,315.77,209,SILVER,4,0,0,0.0,0.652,0,0.472,0.687,1,0.56,PREMIUM,359.94,OFFRE_RETENTION_PREMIUM
75,8,1,7,826,TRAIN,PREMIUM,55.06,305,385.45,141,BRONZE,13,0,0,0.125,0.765,1,0.153,0.729,1,0.915,PREMIUM,570.11,OFFRE_RETENTION_PREMIUM
76,6,3,3,394,BUS,PREMIUM,59.96,158,179.89,694,GOLD,11,1,333,0.5,0.0,0,0.561,0.82,0,0.198,PREMIUM,385.11,MAINTENIR_ENGAGEMENT
77,2,1,1,215,TRAMWAY,PREMIUM,60.87,278,60.87,500,GOLD,30,1,124,0.5,0.167,0,0.228,0.698,0,0.412,PREMIUM,200.82,MAINTENIR_ENGAGEMENT
78,7,2,5,766,FERRY,BASIC,24.62,326,123.08,642,GOLD,29,1,273,0.286,0.0,0,0.094,0.692,0,0.103,PREMIUM,227.14,PROPOSER_UPGRADE_PREMIUM
79,8,0,8,633,BUS,PREMIUM,60.84,308,486.69,535,GOLD,16,1,82,0.0,0.108,0,0.144,0.913,0,0.171,PREMIUM,724.49,MAINTENIR_ENGAGEMENT
80,4,3,1,534,METRO,BASIC,27.48,342,27.48,473,SILVER,11,0,0,0.75,0.212,1,0.05,0.549,1,0.944,BASIC,140.94,CODE_PROMO_URGENCE
81,3,0,3,464,BUS,PREMIUM,61.85,323,185.54,225,SILVER,29,1,262,0.0,0.625,0,0.103,0.634,0,0.156,BASIC,415.26,MAINTENIR_ENGAGEMENT
82,1,1,0,496,BUS,PREMIUM,57.3,340,0.0,670,GOLD,5,0,0,1.0,0.0,1,0.056,0.71,1,0.955,PREMIUM,234.14,OFFRE_RETENTION_PREMIUM
83,2,0,2,453,BUS,BASIC,25.33,213,50.67,580,GOLD,21,0,0,0.0,0.033,0,0.408,0.579,0,0.279,BASIC,171.1,MAINTENIR_ENGAGEMENT
84,1,1,0,170,FERRY,BASIC,28.74,111,0.0,200,SILVER,12,0,0,1.0,0.667,1,0.692,0.394,1,0.994,BASIC,65.61,CODE_PROMO_URGENCE
85,1,0,1,129,TRAMWAY,BASIC,30.53,81,30.53,375,SILVER,24,1,303,0.0,0.375,0,0.775,0.5,0,0.174,BASIC,95.51,MAINTENIR_ENGAGEMENT
86,3,0,3,41,TRAMWAY,BASIC,25.16,179,75.49,160,BRONZE,12,0,0,0.0,0.733,0,0.503,0.433,1,0.604,BASIC,93.13,CODE_PROMO_URGENCE
87,3,1,2,321,TRAMWAY,BASIC,32.3,142,64.6,146,BRONZE,7,0,0,0.333,0.757,1,0.606,0.457,1,0.968,BASIC,169.8,CODE_PROMO_URGENCE
88,3,0,3,507,TRAMWAY,BASIC,24.29,157,72.87,580,GOLD,23,1,142,0.0,0.033,0,0.564,0.602,0,0.176,BASIC,190.5,MAINTENIR_ENGAGEMENT
89,7,0,7,583,BUS,BASIC,25.71,149,179.95,246,SILVER,23,0,0,0.0,0.59,0,0.586,0.592,1,0.566,BASIC,284.95,CODE_PROMO_URGENCE
90,1,0,1,106,METRO,BASIC,25.72,235,25.72,417,SILVER,18,1,243,0.0,0.305,0,0.347,0.484,0,0.134,BASIC,72.46,MAINTENIR_ENGAGEMENT
91,5,1,4,59,TRAIN,BASIC,32.22,299,128.9,386,SILVER,11,1,31,0.2,0.357,0,0.169,0.616,0,0.42,BASIC,148.49,MAINTENIR_ENGAGEMENT
92,2,0,2,487,BUS,PREMIUM,54.46,326,108.92,662,GOLD,20,0,0,0.0,0.0,0,0.094,0.76,0,0.2,PREMIUM,340.43,MAINTENIR_ENGAGEMENT
93,2,1,1,243,TRAMWAY,PREMIUM,54.97,316,54.97,11,BRONZE,5,1,120,0.5,0.982,0,0.122,0.495,1,0.732,BASIC,169.65,OFFRE_RETENTION_PREMIUM
94,4,2,2,249,METRO,PREMIUM,55.66,184,111.33,510,GOLD,4,1,18,0.5,0.15,0,0.489,0.742,1,0.624,PREMIUM,238.44,OFFRE_RETENTION_PREMIUM
95,1,1,0,134,METRO,BASIC,27.24,152,0.0,625,GOLD,5,0,0,1.0,0.0,1,0.578,0.551,1,0.976,BASIC,77.26,CODE_PROMO_URGENCE
96,5,2,3,75,METRO,PREMIUM,55.09,299,165.26,780,GOLD,2,1,141,0.4,0.0,0,0.169,0.81,0,0.256,PREMIUM,215.61,MAINTENIR_ENGAGEMENT
97,2,0,2,54,BUS,PREMIUM,62.37,90,124.75,548,GOLD,6,0,0,0.0,0.087,0,0.75,0.738,0,0.391,PREMIUM,190.94,MAINTENIR_ENGAGEMENT
98,4,1,3,694,FERRY,FREE,2.69,39,8.07,341,SILVER,19,1,44,0.25,0.432,0,0.892,0.361,1,0.675,BASIC,31.83,CODE_PROMO_URGENCE
99,4,1,3,405,TRAIN,FREE,4.63,311,13.89,273,SILVER,27,0,0,0.25,0.545,1,0.136,0.346,1,0.906,FREE,48.69,CODE_PROMO_URGENCE
100,6,3,3,707,METRO,FREE,2.64,108,7.93,357,SILVER,13,0,0,0.5,0.405,1,0.7,0.387,1,0.965,BASIC,39.8,CODE_PROMO_URGENCE
101,2,1,1,667,TRAIN,BASIC,31.78,120,31.78,478,SILVER,23,1,259,0.5,0.203,0,0.667,0.562,0,0.377,BASIC,157.75,MAINTENIR_ENGAGEMENT
102,6,0,6,669,FERRY,BASIC,33.73,348,202.41,484,SILVER,5,1,107,0.0,0.193,0,0.033,0.718,0,0.155,PREMIUM,355.06,PROPOSER_UPGRADE_PREMIUM
103,3,3,0,664,TRAMWAY,FREE,0.0,333,0.0,29,BRONZE,26,1,86,1.0,0.952,0,0.075,0.142,1,0.911,FREE,0.0,CODE_PROMO_URGENCE
104,7,3,4,257,TRAIN,FREE,0.0,278,0.0,246,SILVER,13,0,0,0.429,0.59,1,0.228,0.353,1,0.948,BASIC,3.67,CODE_PROMO_URGENCE
105,6,3,3,486,FERRY,BASIC,26.7,92,80.11,300,SILVER,19,1,335,0.5,0.5,0,0.744,0.532,0,0.427,BASIC,168.39,MAINTENIR_ENGAGEMENT
106,8,2,6,498,METRO,PREMIUM,62.84,220,377.06,623,GOLD,30,1,34,0.25,0.0,0,0.389,0.9,0,0.356,PREMIUM,593.88,MAINTENIR_ENGAGEMENT
107,7,2,5,776,FERRY,BASIC,28.88,261,144.42,186,BRONZE,25,1,52,0.286,0.69,0,0.275,0.55,1,0.623,BASIC,235.55,CODE_PROMO_URGENCE
108,3,2,1,846,TRAMWAY,PREMIUM,60.64,118,60.64,297,SILVER,15,0,0,0.667,0.505,1,0.672,0.624,1,0.98,BASIC,277.9,OFFRE_RETENTION_PREMIUM
109,7,1,6,497,TRAIN,FREE,2.6,175,15.6,115,BRONZE,5,0,0,0.143,0.808,1,0.514,0.356,1,0.949,BASIC,25.0,CODE_PROMO_URGENCE
110,8,1,7,624,METRO,BASIC,26.88,124,188.17,403,SILVER,11,1,278,0.125,0.328,0,0.656,0.676,0,0.209,PREMIUM,300.06,PROPOSER_UPGRADE_PREMIUM
111,8,3,5,261,BUS,BASIC,29.98,170,149.89,191,BRONZE,1,0,0,0.375,0.682,1,0.528,0.569,1,0.964,BASIC,206.97,CODE_PROMO_URGENCE
112,1,0,1,161,TRAIN,BASIC,28.26,181,28.26,217,SILVER,19,0,0,0.0,0.638,0,0.497,0.418,1,0.561,BASIC,83.56,CODE_PROMO_URGENCE
113,2,0,2,633,METRO,PREMIUM,57.09,358,114.19,558,GOLD,20,1,205,0.0,0.07,0,0.006,0.742,0,0.077,PREMIUM,352.79,MAINTENIR_ENGAGEMENT
114,5,1,4,440,TRAMWAY,FREE,0.0,244,0.0,443,SILVER,4,1,51,0.2,0.262,0,0.322,0.415,0,0.396,BASIC,16.78,PROPOSER_UPGRADE_BASIC
115,4,2,2,687,TRAMWAY,FREE,0.0,157,0.0,253,SILVER,14,0,0,0.5,0.578,1,0.564,0.285,1,0.97,FREE,11.93,CODE_PROMO_URGENCE
116,3,0,3,484,TRAIN,BASIC,29.72,250,89.15,111,BRONZE,10,1,307,0.0,0.815,0,0.306,0.444,0,0.206,BASIC,201.18,MAINTENIR_ENGAGEMENT
117,3,3,0,581,BUS,BASIC,29.95,317,0.0,75,BRONZE,28,1,166,1.0,0.875,0,0.119,0.371,1,0.859,BASIC,110.78,CODE_PROMO_URGENCE
118,2,0,2,92,BUS,FREE,0.0,163,0.0,559,GOLD,30,0,0,0.0,0.068,0,0.547,0.393,0,0.327,BASIC,32.22,PROPOSER_UPGRADE_BASIC
119,6,1,5,355,BUS,BASIC,25.58,334,127.9,508,GOLD,6,0,0,0.167,0.153,1,0.072,0.651,1,0.782,PREMIUM,233.23,CODE_PROMO_URGENCE
120,2,1,1,689,BUS,FREE,0.0,55,0.0,216,SILVER,5,1,267,0.5,0.64,0,0.847,0.23,1,0.612,FREE,9.82,CODE_PROMO_URGENCE
121,4,1,3,867,FERRY,FREE,0.0,225,0.0,499,SILVER,23,0,0,0.25,0.168,1,0.375,0.408,1,0.867,BASIC,24.81,CODE_PROMO_URGENCE
122,2,1,1,529,FERRY,FREE,0.0,339,0.0,782,GOLD,13,0,0,0.5,0.0,1,0.058,0.39,1,0.861,BASIC,36.38,CODE_PROMO_URGENCE
123,6,0,6,544,FERRY,BASIC,29.68,42,178.07,358,SILVER,10,1,90,0.0,0.403,0,0.883,0.637,0,0.448,BASIC,306.54,MAINTENIR_ENGAGEMENT
124,3,2,1,861,METRO,BASIC,33.38,140,33.38,368,SILVER,20,0,0,0.667,0.387,1,0.611,0.537,1,0.973,BASIC,165.2,CODE_PROMO_URGENCE
125,8,3,5,755,FERRY,FREE,0.0,166,0.0,385,SILVER,9,1,47,0.375,0.358,0,0.539,0.44,1,0.616,BASIC,17.09,CODE_PROMO_URGENCE
126,6,1,5,163,FERRY,FREE,4.7,346,23.48,795,GOLD,17,0,0,0.167,0.0,1,0.039,0.543,1,0.724,BASIC,67.43,CODE_PROMO_URGENCE
127,7,1,6,673,BUS,FREE,1.77,250,10.61,652,GOLD,9,0,0,0.143,0.0,1,0.306,0.552,1,0.773,BASIC,52.03,CODE_PROMO_URGENCE
128,8,3,5,180,TRAMWAY,FREE,0.0,357,0.0,35,BRONZE,24,0,0,0.375,0.942,1,0.008,0.295,1,0.959,FREE,6.73,CODE_PROMO_URGENCE
129,7,3,4,606,METRO,BASIC,24.97,57,99.88,13,BRONZE,25,1,210,0.429,0.978,0,0.842,0.43,1,0.767,BASIC,173.45,CODE_PROMO_URGENCE
130,6,0,6,138,TRAMWAY,BASIC,32.54,324,195.25,4,BRONZE,2,1,87,0.0,0.993,0,0.1,0.509,0,0.483,BASIC,245.46,BOOST_POINTS_LOYALTY
131,6,1,5,35,TRAMWAY,FREE,0.0,211,0.0,218,SILVER,28,0,0,0.167,0.637,1,0.414,0.351,1,0.928,BASIC,6.42,CODE_PROMO_URGENCE
132,1,0,1,397,METRO,BASIC,28.96,142,28.96,187,BRONZE,22,0,0,0.0,0.688,0,0.606,0.411,1,0.614,BASIC,135.85,CODE_PROMO_URGENCE
133,6,2,4,69,METRO,PREMIUM,54.47,294,217.87,729,GOLD,29,1,281,0.333,0.0,0,0.183,0.84,0,0.121,PREMIUM,263.26,MAINTENIR_ENGAGEMENT
134,5,1,4,191,TRAMWAY,BASIC,27.26,52,109.03,173,BRONZE,9,0,0,0.2,0.712,1,0.856,0.493,1,0.965,BASIC,163.32,CODE_PROMO_URGENCE
135,2,2,0,773,METRO,FREE,0.0,269,0.0,753,GOLD,27,1,91,1.0,0.0,0,0.253,0.37,1,0.691,BASIC,35.68,CODE_PROMO_URGENCE
136,2,2,0,298,FERRY,FREE,0.4,123,0.0,66,BRONZE,1,1,286,1.0,0.89,0,0.658,0.15,1,0.861,FREE,9.57,CODE_PROMO_URGENCE
137,8,1,7,360,METRO,BASIC,25.79,95,180.53,418,SILVER,26,1,267,0.125,0.303,0,0.736,0.675,0,0.228,PREMIUM,290.57,PROPOSER_UPGRADE_PREMIUM
138,6,0,6,133,TRAMWAY,PREMIUM,56.25,260,337.49,586,GOLD,8,1,192,0.0,0.023,0,0.278,0.874,0,0.102,PREMIUM,437.24,MAINTENIR_ENGAGEMENT
139,4,0,4,661,BUS,FREE,0.0,44,0.0,434,SILVER,14,1,10,0.0,0.277,0,0.878,0.401,1,0.499,BASIC,23.53,CODE_PROMO_URGENCE
140,7,1,6,582,TRAMWAY,FREE,2.66,74,15.98,130,BRONZE,19,1,285,0.143,0.783,0,0.794,0.363,0,0.416,BASIC,30.0,PROPOSER_UPGRADE_BASIC
141,2,1,1,318,BUS,BASIC,33.76,89,33.76,393,SILVER,28,1,297,0.5,0.345,0,0.753,0.54,0,0.413,BASIC,153.25,MAINTENIR_ENGAGEMENT
142,6,3,3,87,TRAIN,FREE,0.0,339,0.0,646,GOLD,25,1,209,0.5,0.0,0,0.058,0.47,0,0.21,BASIC,32.81,PROPOSER_UPGRADE_BASIC
143,4,0,4,602,BUS,FREE,0.0,160,0.0,331,SILVER,2,0,0,0.0,0.448,0,0.556,0.358,0,0.493,BASIC,16.12,PROPOSER_UPGRADE_BASIC
144,8,0,8,781,METRO,BASIC,31.49,139,251.91,773,GOLD,13,0,0,0.0,0.0,0,0.614,0.81,0,0.318,PREMIUM,407.57,PROPOSER_UPGRADE_PREMIUM
145,3,0,3,114,BUS,FREE,2.04,134,6.12,404,SILVER,28,0,0,0.0,0.327,0,0.628,0.373,0,0.46,BASIC,36.07,PROPOSER_UPGRADE_BASIC
146,2,0,2,533,TRAIN,BASIC,32.29,70,64.58,332,SILVER,26,1,252,0.0,0.447,0,0.806,0.524,0,0.248,BASIC,195.58,MAINTENIR_ENGAGEMENT
147,6,3,3,76,METRO,PREMIUM,56.7,182,170.1,594,GOLD,27,0,0,0.5,0.01,1,0.494,0.818,1,0.914,PREMIUM,195.94,OFFRE_RETENTION_PREMIUM
148,7,2,5,60,TRAIN,BASIC,32.59,122,162.94,363,SILVER,19,0,0,0.286,0.395,1,0.661,0.649,1,0.938,BASIC,179.21,CODE_PROMO_URGENCE
149,7,1,6,257,TRAMWAY,PREMIUM,58.73,216,352.39,383,SILVER,15,0,0,0.143,0.362,1,0.4,0.8,1,0.88,PREMIUM,493.22,OFFRE_RETENTION_PREMIUM
150,3,2,1,281,TRAMWAY,FREE,0.0,316,0.0,297,SILVER,6,0,0,0.667,0.505,1,0.122,0.274,1,0.962,FREE,15.13,CODE_PROMO_URGENCE
151,5,1,4,172,METRO,BASIC,28.07,209,112.3,229,SILVER,9,1,99,0.2,0.618,0,0.419,0.522,1,0.518,BASIC,161.37,CODE_PROMO_URGENCE
152,5,2,3,271,TRAIN,PREMIUM,63.24,268,189.72,530,GOLD,29,1,145,0.4,0.117,0,0.256,0.781,0,0.315,PREMIUM,343.44,MAINTENIR_ENGAGEMENT
153,2,1,1,61,TRAIN,BASIC,29.11,218,29.11,387,SILVER,0,0,0,0.5,0.355,1,0.394,0.505,1,0.946,BASIC,65.69,CODE_PROMO_URGENCE
154,8,0,8,394,TRAMWAY,BASIC,28.33,262,226.63,702,GOLD,30,0,0,0.0,0.0,0,0.272,0.788,0,0.236,PREMIUM,367.21,PROPOSER_UPGRADE_PREMIUM
155,2,2,0,786,METRO,FREE,3.96,299,0.0,297,SILVER,25,0,0,1.0,0.505,1,0.169,0.271,1,0.984,FREE,26.22,CODE_PROMO_URGENCE
156,3,1,2,844,FERRY,BASIC,31.22,42,62.45,773,GOLD,28,1,365,0.333,0.0,0,0.883,0.639,0,0.167,BASIC,202.87,MAINTENIR_ENGAGEMENT
157,4,1,3,182,TRAMWAY,FREE,0.0,64,0.0,777,GOLD,27,1,354,0.25,0.0,0,0.822,0.45,0,0.138,BASIC,35.56,PROPOSER_UPGRADE_BASIC
158,4,1,3,556,TRAIN,PREMIUM,60.82,152,182.45,558,GOLD,18,0,0,0.25,0.07,1,0.578,0.782,1,0.875,PREMIUM,405.25,OFFRE_RETENTION_PREMIUM
159,6,2,4,518,TRAIN,FREE,0.0,266,0.0,15,BRONZE,8,0,0,0.333,0.975,1,0.261,0.246,1,0.968,FREE,0.0,CODE_PROMO_URGENCE
160,4,2,2,388,TRAIN,FREE,1.49,68,2.98,778,GOLD,19,0,0,0.5,0.0,1,0.811,0.44,1,0.938,BASIC,52.8,CODE_PROMO_URGENCE
161,2,2,0,554,METRO,BASIC,26.67,102,0.0,155,BRONZE,0,1,239,1.0,0.742,0,0.717,0.371,1,0.868,BASIC,111.16,CODE_PROMO_URGENCE
162,7,1,6,79,FERRY,FREE,0.0,72,0.0,710,GOLD,1,1,92,0.143,0.0,0,0.8,0.54,0,0.335,BASIC,31.57,PROPOSER_UPGRADE_BASIC
163,3,3,0,667,BUS,BASIC,26.77,202,0.0,56,BRONZE,18,0,0,1.0,0.907,1,0.439,0.341,1,0.994,FREE,103.03,CODE_PROMO_URGENCE
164,4,2,2,762,FERRY,PREMIUM,62.75,202,125.5,579,GOLD,22,1,267,0.5,0.035,0,0.439,0.771,0,0.245,PREMIUM,341.52,MAINTENIR_ENGAGEMENT
165,4,0,4,787,TRAIN,BASIC,31.32,39,125.26,566,GOLD,21,1,222,0.0,0.057,0,0.892,0.675,0,0.176,PREMIUM,257.33,PROPOSER_UPGRADE_PREMIUM
166,7,0,7,241,TRAIN,BASIC,32.18,336,225.24,315,SILVER,21,0,0,0.0,0.475,0,0.067,0.666,0,0.362,PREMIUM,312.69,PROPOSER_UPGRADE_PREMIUM
167,4,3,1,581,TRAIN,PREMIUM,63.22,230,63.22,467,SILVER,3,0,0,0.75,0.222,1,0.361,0.705,1,0.961,PREMIUM,285.35,OFFRE_RETENTION_PREMIUM
168,3,2,1,640,BUS,FREE,1.73,338,1.73,699,GOLD,13,1,40,0.667,0.0,0,0.061,0.412,1,0.505,BASIC,46.4,CODE_PROMO_URGENCE
169,5,2,3,224,TRAMWAY,BASIC,30.84,50,92.53,108,BRONZE,6,1,29,0.4,0.82,0,0.861,0.471,1,0.864,BASIC,147.75,CODE_PROMO_URGENCE
170,5,1,4,548,METRO,FREE,0.73,334,2.91,723,GOLD,3,1,208,0.2,0.0,0,0.072,0.485,0,0.114,BASIC,38.33,PROPOSER_UPGRADE_BASIC
171,6,2,4,332,FERRY,BASIC,29.47,168,117.88,682,GOLD,30,1,112,0.333,0.0,0,0.533,0.696,0,0.345,PREMIUM,231.09,PROPOSER_UPGRADE_PREMIUM
172,6,3,3,305,METRO,PREMIUM,63.73,258,191.18,99,BRONZE,24,1,317,0.5,0.835,0,0.283,0.611,0,0.464,BASIC,339.1,BOOST_POINTS_LOYALTY
173,5,1,4,788,FERRY,PREMIUM,54.35,293,217.41,216,SILVER,25,0,0,0.2,0.64,1,0.186,0.67,1,0.915,PREMIUM,403.86,OFFRE_RETENTION_PREMIUM
174,5,2,3,486,FERRY,PREMIUM,55.2,154,165.61,324,SILVER,27,0,0,0.4,0.46,1,0.572,0.695,1,0.953,PREMIUM,350.22,OFFRE_RETENTION_PREMIUM
175,6,2,4,824,TRAMWAY,FREE,3.64,107,14.54,49,BRONZE,14,0,0,0.333,0.918,1,0.703,0.286,1,0.979,FREE,30.67,CODE_PROMO_URGENCE
176,1,1,0,679,TRAIN,BASIC,28.2,282,0.0,310,SILVER,15,0,0,1.0,0.483,1,0.217,0.437,1,0.984,BASIC,117.83,CODE_PROMO_URGENCE
177,5,2,3,454,BUS,PREMIUM,56.74,106,170.23,716,GOLD,24,1,221,0.4,0.0,0,0.706,0.81,0,0.296,PREMIUM,377.75,MAINTENIR_ENGAGEMENT
178,8,0,8,186,BUS,BASIC,29.61,68,236.89,534,GOLD,11,1,218,0.0,0.11,0,0.811,0.77,0,0.179,PREMIUM,313.54,PROPOSER_UPGRADE_PREMIUM
179,1,0,1,767,METRO,BASIC,29.63,170,29.63,783,GOLD,13,0,0,0.0,0.0,0,0.528,0.587,0,0.296,BASIC,176.98,MAINTENIR_ENGAGEMENT
180,3,1,2,531,TRAIN,BASIC,32.99,289,65.99,428,SILVER,5,0,0,0.333,0.287,1,0.197,0.579,1,0.89,BASIC,200.48,CODE_PROMO_URGENCE
181,2,2,0,353,BUS,BASIC,29.03,53,0.0,38,BRONZE,1,0,0,1.0,0.937,1,0.853,0.339,1,0.997,FREE,99.38,CODE_PROMO_URGENCE
182,5,2,3,454,METRO,FREE,0.0,307,0.0,132,BRONZE,3,1,168,0.4,0.78,0,0.147,0.265,1,0.54,FREE,10.49,CODE_PROMO_URGENCE
183,7,1,6,621,FERRY,BASIC,32.62,226,195.71,193,BRONZE,16,0,0,0.143,0.678,1,0.372,0.599,1,0.926,BASIC,307.97,CODE_PROMO_URGENCE
184,3,3,0,330,FERRY,FREE,0.0,299,0.0,119,BRONZE,13,1,202,1.0,0.802,0,0.169,0.18,1,0.823,FREE,2.58,CODE_PROMO_URGENCE
185,3,2,1,885,TRAIN,BASIC,33.6,207,33.6,509,GOLD,8,0,0,0.667,0.152,1,0.425,0.597,1,0.95,BASIC,173.7,CODE_PROMO_URGENCE
186,3,3,0,431,METRO,PREMIUM,59.76,364,0.0,708,GOLD,10,0,0,1.0,0.0,1,0.0,0.73,1,0.953,PREMIUM,250.98,OFFRE_RETENTION_PREMIUM
187,1,1,0,556,TRAIN,FREE,0.0,81,0.0,491,SILVER,14,0,0,1.0,0.182,1,0.775,0.315,1,0.986,FREE,25.75,CODE_PROMO_URGENCE
188,1,1,0,147,TRAMWAY,PREMIUM,61.23,102,0.0,116,BRONZE,3,1,112,1.0,0.807,0,0.717,0.508,1,0.937,BASIC,92.53,OFFRE_RETENTION_PREMIUM
189,8,3,5,148,METRO,PREMIUM,63.95,356,319.77,503,GOLD,0,0,0,0.375,0.162,1,0.011,0.84,1,0.851,PREMIUM,366.65,OFFRE_RETENTION_PREMIUM
190,5,0,5,475,METRO,BASIC,30.21,73,151.04,471,SILVER,13,1,326,0.0,0.215,0,0.797,0.658,0,0.125,PREMIUM,279.44,PROPOSER_UPGRADE_PREMIUM
191,2,1,1,351,METRO,PREMIUM,60.66,362,60.66,700,GOLD,24,0,0,0.5,0.0,1,0.0,0.74,1,0.852,PREMIUM,301.79,OFFRE_RETENTION_PREMIUM
192,6,0,6,300,FERRY,BASIC,29.04,338,174.24,713,GOLD,6,1,76,0.0,0.0,0,0.061,0.733,0,0.137,PREMIUM,296.05,PROPOSER_UPGRADE_PREMIUM
193,4,3,1,522,TRAMWAY,FREE,0.0,42,0.0,396,SILVER,1,0,0,0.75,0.34,1,0.883,0.325,1,0.983,FREE,14.97,CODE_PROMO_URGENCE
194,6,1,5,260,METRO,BASIC,24.08,146,120.41,484,SILVER,27,0,0,0.167,0.193,1,0.594,0.63,1,0.878,BASIC,193.26,CODE_PROMO_URGENCE
195,2,2,0,195,TRAIN,BASIC,27.16,168,0.0,254,SILVER,30,1,228,1.0,0.577,0,0.533,0.416,1,0.807,BASIC,64.96,CODE_PROMO_URGENCE
196,8,0,8,167,FERRY,FREE,2.67,111,21.33,771,GOLD,4,0,0,0.0,0.0,0,0.692,0.609,0,0.338,BASIC,58.82,PROPOSER_UPGRADE_BASIC
197,1,0,1,101,METRO,BASIC,25.41,319,25.41,376,SILVER,0,0,0,0.0,0.373,0,0.114,0.465,0,0.334,BASIC,68.42,MAINTENIR_ENGAGEMENT
198,5,2,3,539,TRAMWAY,PREMIUM,60.12,289,180.36,748,GOLD,8,1,90,0.4,0.0,0,0.197,0.81,0,0.319,PREMIUM,395.63,MAINTENIR_ENGAGEMENT
199,7,0,7,429,FERRY,FREE,1.23,362,8.61,597,GOLD,14,1,243,0.0,0.005,0,0.0,0.567,0,0.056,BASIC,51.87,PROPOSER_UPGRADE_BASIC
200,2,2,0,178,BUS,BASIC,28.83,237,0.0,791,GOLD,0,1,200,1.0,0.0,0,0.342,0.572,1,0.578,BASIC,86.24,CODE_PROMO_URGENCE
201,7,2,5,523,TRAMWAY,BASIC,24.92,32,124.61,575,GOLD,25,0,0,0.286,0.042,1,0.911,0.684,1,0.915,PREMIUM,229.6,CODE_PROMO_URGENCE
202,5,1,4,849,TRAIN,BASIC,27.3,102,109.19,177,BRONZE,11,0,0,0.2,0.705,1,0.717,0.495,1,0.958,BASIC,201.49,CODE_PROMO_URGENCE
203,5,1,4,364,METRO,BASIC,28.19,94,112.75,606,GOLD,2,0,0,0.2,0.0,1,0.739,0.677,1,0.868,PREMIUM,232.55,CODE_PROMO_URGENCE
204,7,1,6,330,TRAIN,PREMIUM,58.44,67,350.66,42,BRONZE,25,0,0,0.143,0.93,1,0.814,0.657,1,0.971,PREMIUM,522.05,OFFRE_RETENTION_PREMIUM
205,1,1,0,330,METRO,PREMIUM,55.46,115,0.0,665,GOLD,13,0,0,1.0,0.0,1,0.681,0.71,1,0.978,PREMIUM,214.54,OFFRE_RETENTION_PREMIUM
206,5,2,3,265,TRAIN,FREE,0.52,71,1.56,306,SILVER,11,0,0,0.4,0.49,1,0.803,0.341,1,0.966,FREE,18.98,CODE_PROMO_URGENCE
207,1,0,1,428,METRO,PREMIUM,61.75,162,61.75,539,GOLD,23,0,0,0.0,0.102,0,0.55,0.705,0,0.341,PREMIUM,307.98,MAINTENIR_ENGAGEMENT
208,3,1,2,480,BUS,BASIC,33.91,308,67.83,276,SILVER,23,0,0,0.333,0.54,1,0.144,0.522,1,0.923,BASIC,195.53,CODE_PROMO_URGENCE
209,5,1,4,879,TRAIN,BASIC,28.48,93,113.94,690,GOLD,1,0,0,0.2,0.0,1,0.742,0.679,1,0.869,PREMIUM,238.96,CODE_PROMO_URGENCE
210,4,3,1,660,BUS,BASIC,28.26,224,28.26,505,GOLD,20,0,0,0.75,0.158,1,0.378,0.568,1,0.957,BASIC,150.47,CODE_PROMO_URGENCE
211,5,3,2,405,TRAMWAY,FREE,3.3,203,6.59,520,GOLD,18,0,0,0.6,0.133,1,0.436,0.43,1,0.941,BASIC,40.33,CODE_PROMO_URGENCE
212,8,2,6,663,FERRY,PREMIUM,56.09,339,336.53,124,BRONZE,7,1,26,0.25,0.793,0,0.058,0.702,1,0.618,PREMIUM,498.51,OFFRE_RETENTION_PREMIUM
213,8,1,7,294,FERRY,FREE,0.34,226,2.37,736,GOLD,14,0,0,0.125,0.0,1,0.372,0.572,1,0.779,BASIC,37.23,CODE_PROMO_URGENCE
214,3,1,2,92,BUS,BASIC,31.21,65,62.42,767,GOLD,6,1,129,0.333,0.0,0,0.819,0.638,0,0.404,BASIC,115.51,MAINTENIR_ENGAGEMENT
215,5,3,2,85,FERRY,FREE,0.0,74,0.0,715,GOLD,9,0,0,0.6,0.0,1,0.794,0.44,1,0.95,BASIC,31.43,CODE_PROMO_URGENCE
216,4,0,4,477,TRAIN,BASIC,26.54,236,106.16,671,GOLD,2,0,0,0.0,0.0,0,0.344,0.656,0,0.252,PREMIUM,228.98,PROPOSER_UPGRADE_PREMIUM
217,8,1,7,134,FERRY,FREE,0.0,330,0.0,665,GOLD,14,0,0,0.125,0.0,1,0.083,0.57,1,0.714,BASIC,36.51,CODE_PROMO_URGENCE
218,2,2,0,634,FERRY,BASIC,33.5,126,0.0,387,SILVER,23,1,29,1.0,0.355,0,0.65,0.516,1,0.906,BASIC,137.38,CODE_PROMO_URGENCE
219,1,1,0,138,FERRY,PREMIUM,58.23,226,0.0,627,GOLD,18,0,0,1.0,0.0,1,0.372,0.71,1,0.969,PREMIUM,111.59,OFFRE_RETENTION_PREMIUM
220,1,1,0,506,METRO,BASIC,24.93,77,0.0,678,GOLD,4,0,0,1.0,0.0,1,0.786,0.534,1,0.981,BASIC,123.4,CODE_PROMO_URGENCE
221,4,2,2,474,TRAIN,PREMIUM,59.34,216,118.67,213,SILVER,11,1,284,0.5,0.645,0,0.4,0.619,0,0.459,BASIC,320.42,MAINTENIR_ENGAGEMENT
222,2,1,1,611,METRO,PREMIUM,61.39,53,61.39,383,SILVER,29,1,182,0.5,0.362,0,0.853,0.65,1,0.605,BASIC,281.02,OFFRE_RETENTION_PREMIUM
223,8,2,6,205,TRAIN,PREMIUM,60.94,295,365.63,204,SILVER,25,0,0,0.25,0.66,1,0.181,0.735,1,0.926,PREMIUM,453.15,OFFRE_RETENTION_PREMIUM
224,3,2,1,892,BUS,FREE,0.0,296,0.0,214,SILVER,21,1,127,0.667,0.643,0,0.178,0.239,1,0.699,FREE,16.37,CODE_PROMO_URGENCE
225,1,1,0,573,TRAIN,BASIC,30.71,92,0.0,596,GOLD,23,0,0,1.0,0.007,1,0.744,0.573,1,0.98,BASIC,141.46,CODE_PROMO_URGENCE
226,2,0,2,309,METRO,BASIC,28.19,55,56.37,260,SILVER,18,1,24,0.0,0.567,0,0.847,0.466,1,0.6,BASIC,160.84,CODE_PROMO_URGENCE
227,6,2,4,452,BUS,FREE,1.31,82,5.25,450,SILVER,22,1,109,0.333,0.25,0,0.772,0.437,0,0.528,BASIC,22.92,PROPOSER_UPGRADE_BASIC
228,8,3,5,830,METRO,BASIC,29.23,249,146.15,786,GOLD,23,0,0,0.375,0.0,1,0.308,0.735,1,0.859,PREMIUM,263.05,CODE_PROMO_URGENCE
229,8,1,7,53,TRAIN,PREMIUM,57.66,61,403.62,740,GOLD,21,1,334,0.125,0.0,0,0.831,0.92,0,0.117,PREMIUM,442.97,MAINTENIR_ENGAGEMENT
230,2,2,0,619,BUS,PREMIUM,55.7,244,0.0,722,GOLD,7,0,0,1.0,0.0,1,0.322,0.72,1,0.967,PREMIUM,233.11,OFFRE_RETENTION_PREMIUM
231,2,2,0,664,METRO,BASIC,26.47,175,0.0,591,GOLD,23,1,131,1.0,0.015,0,0.514,0.552,1,0.716,BASIC,126.88,CODE_PROMO_URGENCE
232,1,1,0,884,BUS,FREE,4.22,93,0.0,429,SILVER,27,0,0,1.0,0.285,1,0.742,0.318,1,0.988,FREE,37.37,CODE_PROMO_URGENCE
233,6,1,5,503,FERRY,FREE,0.0,294,0.0,11,BRONZE,21,1,186,0.167,0.982,0,0.183,0.265,0,0.471,FREE,8.34,BOOST_POINTS_LOYALTY
234,8,2,6,599,TRAMWAY,BASIC,27.3,139,163.81,451,SILVER,21,1,271,0.25,0.248,0,0.614,0.679,0,0.236,PREMIUM,263.66,PROPOSER_UPGRADE_PREMIUM
235,6,1,5,554,BUS,BASIC,30.72,75,153.6,484,SILVER,0,1,210,0.167,0.193,0,0.792,0.677,0,0.282,PREMIUM,278.76,PROPOSER_UPGRADE_PREMIUM
236,2,1,1,679,METRO,FREE,1.12,292,1.12,607,GOLD,15,1,248,0.5,0.0,0,0.189,0.398,0,0.201,BASIC,36.38,PROPOSER_UPGRADE_BASIC
237,6,0,6,609,FERRY,PREMIUM,60.62,297,363.72,143,BRONZE,5,0,0,0.0,0.762,0,0.175,0.69,0,0.52,PREMIUM,596.48,MAINTENIR_ENGAGEMENT
238,2,0,2,774,FERRY,BASIC,29.5,359,58.99,35,BRONZE,29,1,47,0.0,0.942,0,0.003,0.381,0,0.485,BASIC,171.04,MAINTENIR_ENGAGEMENT
239,1,0,1,199,BUS,BASIC,25.3,183,25.3,162,BRONZE,0,1,311,0.0,0.73,0,0.492,0.375,0,0.214,BASIC,76.59,MAINTENIR_ENGAGEMENT
240,8,0,8,291,TRAIN,FREE,3.87,92,30.96,151,BRONZE,4,1,336,0.0,0.748,0,0.744,0.43,0,0.25,BASIC,46.04,PROPOSER_UPGRADE_BASIC
241,5,1,4,813,METRO,PREMIUM,63.63,225,254.52,24,BRONZE,30,0,0,0.2,0.96,1,0.375,0.59,1,0.96,BASIC,468.73,OFFRE_RETENTION_PREMIUM
242,5,1,4,139,TRAMWAY,BASIC,31.1,131,124.41,637,GOLD,2,0,0,0.2,0.0,1,0.636,0.698,1,0.854,PREMIUM,185.23,CODE_PROMO_URGENCE
243,7,1,6,94,TRAMWAY,BASIC,32.45,215,194.72,548,GOLD,15,0,0,0.143,0.087,1,0.403,0.746,1,0.817,PREMIUM,236.66,CODE_PROMO_URGENCE
244,5,1,4,559,METRO,FREE,1.65,80,6.6,553,GOLD,28,1,72,0.2,0.078,0,0.778,0.472,0,0.421,BASIC,35.15,PROPOSER_UPGRADE_BASIC
245,1,0,1,540,TRAIN,BASIC,29.61,131,29.61,71,BRONZE,4,0,0,0.0,0.882,0,0.636,0.367,1,0.701,BASIC,142.29,CODE_PROMO_URGENCE
246,5,1,4,32,BUS,FREE,3.55,231,14.2,83,BRONZE,6,1,111,0.2,0.862,0,0.358,0.289,1,0.592,FREE,18.9,CODE_PROMO_URGENCE
247,2,2,0,744,TRAIN,BASIC,28.48,130,0.0,566,GOLD,12,0,0,1.0,0.057,1,0.639,0.555,1,0.98,BASIC,141.13,CODE_PROMO_URGENCE
248,4,3,1,691,TRAIN,FREE,0.0,96,0.0,143,BRONZE,26,1,284,0.75,0.762,0,0.733,0.22,1,0.745,FREE,14.62,CODE_PROMO_URGENCE
249,4,3,1,716,BUS,PREMIUM,60.37,163,60.37,186,BRONZE,24,1,57,0.75,0.69,0,0.547,0.588,1,0.877,BASIC,264.05,OFFRE_RETENTION_PREMIUM
250,5,1,4,310,METRO,BASIC,29.27,85,117.08,231,SILVER,11,1,172,0.2,0.615,0,0.764,0.531,0,0.52,BASIC,207.12,MAINTENIR_ENGAGEMENT
251,5,2,3,243,TRAIN,FREE,4.8,221,14.41,233,SILVER,9,1,57,0.4,0.612,0,0.386,0.341,1,0.68,FREE,34.87,CODE_PROMO_URGENCE
252,8,3,5,490,TRAIN,BASIC,28.98,217,144.91,781,GOLD,9,1,350,0.375,0.0,0,0.397,0.733,0,0.119,PREMIUM,258.54,PROPOSER_UPGRADE_PREMIUM
253,7,3,4,199,BUS,FREE,0.93,64,3.73,472,SILVER,5,1,173,0.429,0.213,0,0.822,0.453,1,0.499,BASIC,29.57,CODE_PROMO_URGENCE
254,1,0,1,221,METRO,PREMIUM,54.83,178,54.83,497,SILVER,22,0,0,0.0,0.172,0,0.506,0.687,0,0.358,PREMIUM,197.17,MAINTENIR_ENGAGEMENT
255,7,2,5,56,TRAIN,BASIC,30.57,226,152.83,585,GOLD,7,1,306,0.286,0.025,0,0.372,0.728,0,0.122,PREMIUM,178.96,PROPOSER_UPGRADE_PREMIUM
256,2,2,0,308,FERRY,BASIC,33.83,92,0.0,602,GOLD,25,0,0,1.0,0.0,1,0.744,0.607,1,0.98,BASIC,130.29,CODE_PROMO_URGENCE
257,8,2,6,879,BUS,FREE,4.82,215,28.91,783,GOLD,13,0,0,0.25,0.0,1,0.403,0.584,1,0.833,BASIC,75.97,CODE_PROMO_URGENCE
258,3,2,1,286,BUS,BASIC,28.74,46,28.74,449,SILVER,17,1,14,0.667,0.252,0,0.872,0.538,1,0.831,BASIC,129.99,CODE_PROMO_URGENCE
259,7,0,7,602,METRO,BASIC,30.35,323,212.48,390,SILVER,6,1,176,0.0,0.35,0,0.103,0.685,0,0.153,PREMIUM,350.64,PROPOSER_UPGRADE_PREMIUM
260,1,1,0,787,BUS,BASIC,28.5,50,0.0,480,SILVER,3,0,0,1.0,0.2,1,0.861,0.51,1,0.988,BASIC,131.17,CODE_PROMO_URGENCE
261,6,3,3,857,TRAMWAY,FREE,0.0,323,0.0,47,BRONZE,1,1,27,0.5,0.922,0,0.103,0.24,1,0.8,FREE,5.54,CODE_PROMO_URGENCE
262,6,3,3,781,TRAMWAY,BASIC,24.59,51,73.78,669,GOLD,16,1,81,0.5,0.0,0,0.858,0.642,1,0.583,BASIC,175.58,CODE_PROMO_URGENCE
263,7,1,6,314,TRAIN,PREMIUM,63.53,314,381.2,271,SILVER,28,0,0,0.143,0.548,1,0.128,0.753,1,0.881,PREMIUM,570.71,OFFRE_RETENTION_PREMIUM
264,4,3,1,411,TRAIN,BASIC,31.85,95,31.85,643,GOLD,23,1,59,0.75,0.0,0,0.736,0.633,1,0.718,BASIC,165.0,CODE_PROMO_URGENCE
265,6,0,6,267,METRO,FREE,0.0,341,0.0,276,SILVER,6,1,193,0.0,0.54,0,0.053,0.395,0,0.179,BASIC,12.3,PROPOSER_UPGRADE_BASIC
266,4,3,1,638,TRAIN,BASIC,31.31,40,31.31,193,BRONZE,10,1,230,0.75,0.678,0,0.889,0.46,1,0.803,BASIC,135.02,CODE_PROMO_URGENCE
267,4,2,2,304,BUS,FREE,0.0,206,0.0,298,SILVER,11,0,0,0.5,0.503,1,0.428,0.304,1,0.96,FREE,17.74,CODE_PROMO_URGENCE
268,6,3,3,617,FERRY,PREMIUM,58.64,284,175.92,686,GOLD,6,0,0,0.5,0.0,1,0.211,0.82,1,0.881,PREMIUM,371.78,OFFRE_RETENTION_PREMIUM
269,3,0,3,395,FERRY,PREMIUM,62.06,283,186.18,359,SILVER,20,0,0,0.0,0.402,0,0.214,0.69,0,0.373,PREMIUM,425.08,MAINTENIR_ENGAGEMENT
270,1,0,1,899,METRO,BASIC,33.23,168,33.23,546,GOLD,27,0,0,0.0,0.09,0,0.533,0.59,0,0.332,BASIC,175.95,MAINTENIR_ENGAGEMENT
271,5,0,5,86,METRO,BASIC,28.67,41,143.37,376,SILVER,0,0,0,0.0,0.373,0,0.886,0.607,1,0.559,BASIC,181.15,CODE_PROMO_URGENCE
272,6,1,5,244,BUS,BASIC,32.44,316,162.21,537,GOLD,17,1,178,0.167,0.105,0,0.122,0.711,0,0.151,PREMIUM,253.47,PROPOSER_UPGRADE_PREMIUM
273,7,2,5,865,TRAIN,BASIC,29.81,35,149.05,551,GOLD,4,0,0,0.286,0.082,1,0.903,0.708,1,0.92,PREMIUM,262.12,CODE_PROMO_URGENCE
274,5,3,2,657,TRAMWAY,PREMIUM,55.47,125,110.94,567,GOLD,0,0,0,0.6,0.055,1,0.653,0.776,1,0.947,PREMIUM,308.35,OFFRE_RETENTION_PREMIUM
275,4,2,2,769,TRAIN,PREMIUM,62.8,49,125.59,495,SILVER,2,1,164,0.5,0.175,0,0.864,0.736,1,0.551,PREMIUM,342.53,OFFRE_RETENTION_PREMIUM
276,2,0,2,841,FERRY,BASIC,30.89,199,61.77,537,GOLD,26,0,0,0.0,0.105,0,0.447,0.6,0,0.316,BASIC,198.85,MAINTENIR_ENGAGEMENT
277,7,0,7,682,TRAIN,BASIC,25.67,161,179.68,17,BRONZE,12,1,206,0.0,0.972,0,0.553,0.497,0,0.446,BASIC,274.09,BOOST_POINTS_LOYALTY
278,3,0,3,561,TRAMWAY,BASIC,33.52,31,100.56,735,GOLD,5,0,0,0.0,0.0,0,0.914,0.675,0,0.401,PREMIUM,252.95,PROPOSER_UPGRADE_PREMIUM
279,7,2,5,582,TRAMWAY,PREMIUM,59.91,115,299.54,439,SILVER,5,0,0,0.286,0.268,1,0.681,0.803,1,0.925,PREMIUM,497.12,OFFRE_RETENTION_PREMIUM
280,6,2,4,820,METRO,FREE,0.0,276,0.0,483,SILVER,29,1,313,0.333,0.195,0,0.233,0.441,0,0.148,BASIC,27.6,PROPOSER_UPGRADE_BASIC
281,8,0,8,77,METRO,BASIC,26.9,300,215.17,492,SILVER,12,1,338,0.0,0.18,0,0.167,0.733,0,0.056,PREMIUM,258.78,PROPOSER_UPGRADE_PREMIUM
282,1,0,1,125,TRAMWAY,FREE,0.0,279,0.0,168,BRONZE,4,1,52,0.0,0.72,0,0.225,0.2,0,0.445,FREE,12.7,MAINTENIR_ENGAGEMENT
283,7,1,6,79,METRO,BASIC,25.93,95,155.58,310,SILVER,18,0,0,0.143,0.483,1,0.736,0.601,1,0.932,BASIC,173.53,CODE_PROMO_URGENCE
284,7,3,4,76,FERRY,BASIC,29.02,232,116.09,274,SILVER,3,1,219,0.429,0.543,0,0.356,0.567,0,0.444,BASIC,125.95,MAINTENIR_ENGAGEMENT
285,3,2,1,698,TRAMWAY,BASIC,28.33,73,28.33,395,SILVER,5,0,0,0.667,0.342,1,0.797,0.513,1,0.977,BASIC,139.11,CODE_PROMO_URGENCE
286,8,1,7,659,METRO,BASIC,29.93,268,209.5,219,SILVER,3,1,255,0.125,0.635,0,0.256,0.621,0,0.243,BASIC,327.04,MAINTENIR_ENGAGEMENT
287,4,2,2,450,TRAMWAY,PREMIUM,58.62,251,117.24,323,SILVER,21,1,209,0.5,0.462,0,0.303,0.665,0,0.45,PREMIUM,312.08,MAINTENIR_ENGAGEMENT
288,8,2,6,431,TRAMWAY,FREE,2.78,155,16.68,546,GOLD,16,1,1,0.25,0.09,0,0.569,0.547,0,0.491,BASIC,57.0,PROPOSER_UPGRADE_BASIC
289,1,1,0,423,METRO,PREMIUM,58.42,41,0.0,645,GOLD,10,0,0,1.0,0.0,1,0.886,0.71,1,0.983,PREMIUM,248.15,OFFRE_RETENTION_PREMIUM
290,8,1,7,390,FERRY,BASIC,29.39,268,205.75,325,SILVER,20,1,203,0.125,0.458,0,0.256,0.661,0,0.237,PREMIUM,317.38,PROPOSER_UPGRADE_PREMIUM
291,4,3,1,226,TRAIN,FREE,4.54,264,4.54,142,BRONZE,20,1,340,0.75,0.763,0,0.267,0.251,1,0.551,FREE,21.07,CODE_PROMO_URGENCE
292,6,3,3,437,TRAIN,PREMIUM,58.92,93,176.76,580,GOLD,26,1,5,0.5,0.033,0,0.742,0.812,1,0.662,PREMIUM,373.33,OFFRE_RETENTION_PREMIUM
293,6,2,4,692,TRAMWAY,FREE,3.01,210,12.06,576,GOLD,4,0,0,0.333,0.04,1,0.417,0.501,1,0.87,BASIC,48.89,CODE_PROMO_URGENCE
294,2,2,0,84,TRAIN,PREMIUM,56.5,108,0.0,782,GOLD,20,0,0,1.0,0.0,1,0.7,0.72,1,0.979,PREMIUM,95.5,OFFRE_RETENTION_PREMIUM
295,4,2,2,231,TRAIN,FREE,0.0,263,0.0,171,BRONZE,27,0,0,0.5,0.715,1,0.269,0.251,1,0.966,FREE,14.3,CODE_PROMO_URGENCE
296,1,1,0,299,TRAMWAY,FREE,1.95,363,0.0,128,BRONZE,15,1,161,1.0,0.787,0,0.0,0.177,1,0.823,FREE,15.14,CODE_PROMO_URGENCE
297,5,2,3,280,BUS,FREE,0.59,240,1.77,684,GOLD,5,0,0,0.4,0.0,1,0.333,0.464,1,0.87,BASIC,33.24,CODE_PROMO_URGENCE
298,1,1,0,618,FERRY,BASIC,25.6,106,0.0,107,BRONZE,13,0,0,1.0,0.822,1,0.706,0.334,1,0.995,FREE,100.52,CODE_PROMO_URGENCE
299,5,0,5,594,FERRY,BASIC,28.8,259,144.02,692,GOLD,14,0,0,0.0,0.0,0,0.281,0.702,0,0.238,PREMIUM,281.84,PROPOSER_UPGRADE_PREMIUM
300,5,2,3,63,BUS,BASIC,30.58,167,91.73,83,BRONZE,18,1,98,0.4,0.862,0,0.536,0.459,1,0.761,BASIC,87.6,CODE_PROMO_URGENCE
301,4,2,2,403,METRO,PREMIUM,59.5,127,119.01,796,GOLD,8,0,0,0.5,0.0,1,0.647,0.78,1,0.926,PREMIUM,342.95,OFFRE_RETENTION_PREMIUM
302,1,0,1,152,FERRY,PREMIUM,62.07,162,62.07,653,GOLD,1,0,0,0.0,0.0,0,0.55,0.73,0,0.302,PREMIUM,186.45,MAINTENIR_ENGAGEMENT
303,8,2,6,674,TRAIN,BASIC,24.35,346,146.13,687,GOLD,21,0,0,0.25,0.0,1,0.039,0.72,1,0.763,PREMIUM,251.03,CODE_PROMO_URGENCE
304,6,0,6,447,TRAMWAY,BASIC,25.06,208,150.39,369,SILVER,6,1,170,0.0,0.385,0,0.422,0.609,0,0.226,BASIC,258.36,MAINTENIR_ENGAGEMENT
305,8,0,8,251,TRAMWAY,BASIC,33.72,46,269.73,363,SILVER,17,0,0,0.0,0.395,0,0.872,0.727,1,0.564,PREMIUM,365.68,CODE_PROMO_URGENCE
306,2,1,1,552,FERRY,PREMIUM,59.27,46,59.27,551,GOLD,15,0,0,0.5,0.082,1,0.872,0.72,1,0.95,PREMIUM,285.38,OFFRE_RETENTION_PREMIUM
307,7,0,7,440,TRAMWAY,BASIC,24.18,191,169.28,351,SILVER,4,0,0,0.0,0.415,0,0.469,0.626,0,0.453,BASIC,272.2,MAINTENIR_ENGAGEMENT
308,4,1,3,265,TRAMWAY,BASIC,31.5,317,94.5,376,SILVER,9,0,0,0.25,0.373,1,0.119,0.577,1,0.874,BASIC,182.31,CODE_PROMO_URGENCE
309,2,2,0,416,FERRY,FREE,0.0,281,0.0,187,BRONZE,6,0,0,1.0,0.688,1,0.219,0.198,1,0.989,FREE,11.65,CODE_PROMO_URGENCE
310,3,3,0,354,FERRY,PREMIUM,57.71,84,0.0,790,GOLD,2,1,141,1.0,0.0,0,0.767,0.73,1,0.759,PREMIUM,248.26,OFFRE_RETENTION_PREMIUM
311,3,1,2,660,FERRY,BASIC,33.68,285,67.36,415,SILVER,1,0,0,0.333,0.308,1,0.208,0.579,1,0.895,BASIC,193.6,CODE_PROMO_URGENCE
312,3,3,0,152,TRAMWAY,BASIC,27.96,112,0.0,594,GOLD,9,1,49,1.0,0.01,0,0.689,0.573,1,0.829,BASIC,74.64,CODE_PROMO_URGENCE
313,3,2,1,109,TRAMWAY,PREMIUM,54.98,184,54.98,590,GOLD,11,0,0,0.667,0.017,1,0.489,0.746,1,0.942,PREMIUM,111.87,OFFRE_RETENTION_PREMIUM
314,5,3,2,862,METRO,PREMIUM,58.63,215,117.27,759,GOLD,19,1,110,0.6,0.0,0,0.403,0.79,0,0.47,PREMIUM,329.37,MAINTENIR_ENGAGEMENT
315,6,1,5,729,FERRY,FREE,0.0,274,0.0,304,SILVER,22,0,0,0.167,0.493,1,0.239,0.387,1,0.89,BASIC,13.89,CODE_PROMO_URGENCE
316,4,3,1,556,TRAIN,FREE,2.15,349,2.15,247,SILVER,11,1,83,0.75,0.588,0,0.031,0.278,1,0.734,FREE,19.14,CODE_PROMO_URGENCE
317,8,1,7,294,BUS,BASIC,24.81,86,173.64,326,SILVER,25,1,276,0.125,0.457,0,0.761,0.629,0,0.276,BASIC,252.73,MAINTENIR_ENGAGEMENT
318,6,0,6,735,TRAMWAY,FREE,0.0,76,0.0,433,SILVER,29,1,189,0.0,0.278,0,0.789,0.46,0,0.252,BASIC,24.2,PROPOSER_UPGRADE_BASIC
319,2,0,2,603,TRAMWAY,PREMIUM,57.74,172,115.47,182,BRONZE,18,0,0,0.0,0.697,0,0.522,0.586,1,0.594,BASIC,326.86,OFFRE_RETENTION_PREMIUM
320,3,0,3,669,TRAIN,PREMIUM,62.87,84,188.6,461,SILVER,13,1,267,0.0,0.232,0,0.767,0.732,0,0.164,PREMIUM,435.39,MAINTENIR_ENGAGEMENT
321,2,0,2,751,FERRY,BASIC,24.27,323,48.53,577,GOLD,13,1,66,0.0,0.038,0,0.103,0.57,0,0.159,BASIC,159.57,MAINTENIR_ENGAGEMENT
322,8,0,8,305,FERRY,BASIC,28.75,266,229.97,455,SILVER,0,1,86,0.0,0.242,0,0.261,0.731,0,0.227,PREMIUM,344.0,PROPOSER_UPGRADE_PREMIUM
323,6,0,6,699,FERRY,BASIC,25.58,179,153.46,788,GOLD,20,0,0,0.0,0.0,0,0.503,0.709,0,0.29,PREMIUM,282.32,PROPOSER_UPGRADE_PREMIUM
324,3,1,2,685,TRAMWAY,BASIC,28.4,311,56.8,597,GOLD,23,1,314,0.333,0.005,0,0.136,0.618,0,0.098,BASIC,175.96,MAINTENIR_ENGAGEMENT
325,2,1,1,104,TRAIN,FREE,0.0,35,0.0,184,BRONZE,28,0,0,0.5,0.693,1,0.903,0.217,1,0.983,FREE,11.02,CODE_PROMO_URGENCE
326,2,2,0,115,FERRY,FREE,0.44,295,0.0,386,SILVER,24,1,58,1.0,0.357,0,0.181,0.284,1,0.824,FREE,18.46,CODE_PROMO_URGENCE
327,5,0,5,78,METRO,PREMIUM,54.81,281,274.03,6,BRONZE,8,1,65,0.0,0.99,0,0.219,0.602,1,0.547,BASIC,319.18,OFFRE_RETENTION_PREMIUM
328,5,0,5,524,METRO,PREMIUM,60.05,179,300.23,436,SILVER,16,0,0,0.0,0.273,0,0.503,0.782,0,0.4,PREMIUM,539.67,MAINTENIR_ENGAGEMENT
329,7,3,4,188,BUS,PREMIUM,55.62,163,222.49,756,GOLD,13,1,137,0.429,0.0,0,0.547,0.85,0,0.372,PREMIUM,316.44,MAINTENIR_ENGAGEMENT
330,3,3,0,345,METRO,BASIC,29.25,264,0.0,739,GOLD,18,0,0,1.0,0.0,1,0.267,0.585,1,0.965,BASIC,139.56,CODE_PROMO_URGENCE
331,5,1,4,700,BUS,PREMIUM,60.68,358,242.74,762,GOLD,13,0,0,0.2,0.0,1,0.006,0.83,1,0.732,PREMIUM,479.08,OFFRE_RETENTION_PREMIUM
332,8,1,7,594,BUS,FREE,0.0,159,0.0,286,SILVER,10,1,287,0.125,0.523,0,0.558,0.439,0,0.241,BASIC,8.59,PROPOSER_UPGRADE_BASIC
333,7,2,5,899,FERRY,BASIC,32.61,78,163.07,794,GOLD,2,1,79,0.286,0.0,0,0.783,0.748,0,0.431,PREMIUM,302.77,PROPOSER_UPGRADE_PREMIUM
334,4,1,3,686,BUS,FREE,0.07,325,0.21,733,GOLD,19,0,0,0.25,0.0,1,0.097,0.45,1,0.776,BASIC,43.68,CODE_PROMO_URGENCE
335,6,2,4,900,BUS,PREMIUM,62.02,64,248.07,61,BRONZE,3,0,0,0.333,0.898,1,0.822,0.615,1,0.981,BASIC,437.69,OFFRE_RETENTION_PREMIUM
336,5,2,3,64,TRAIN,PREMIUM,63.61,159,190.83,144,BRONZE,15,1,53,0.4,0.76,0,0.558,0.62,1,0.777,BASIC,195.7,OFFRE_RETENTION_PREMIUM
337,8,1,7,666,TRAMWAY,PREMIUM,60.6,336,424.18,460,SILVER,12,1,66,0.125,0.233,0,0.067,0.862,0,0.259,PREMIUM,642.28,MAINTENIR_ENGAGEMENT
338,6,2,4,56,TRAMWAY,FREE,0.0,160,0.0,20,BRONZE,11,1,121,0.333,0.967,0,0.556,0.248,1,0.746,FREE,1.92,CODE_PROMO_URGENCE
339,2,0,2,583,TRAMWAY,FREE,0.0,324,0.0,21,BRONZE,5,1,128,0.0,0.965,0,0.1,0.169,0,0.415,FREE,0.0,MAINTENIR_ENGAGEMENT
340,5,1,4,525,BUS,FREE,0.0,69,0.0,795,GOLD,3,1,51,0.2,0.0,0,0.808,0.48,0,0.423,BASIC,41.87,PROPOSER_UPGRADE_BASIC
341,8,0,8,568,TRAIN,PREMIUM,56.11,141,448.91,663,GOLD,24,1,231,0.0,0.0,0,0.608,0.94,0,0.115,PREMIUM,683.85,MAINTENIR_ENGAGEMENT
342,2,2,0,71,TRAIN,BASIC,32.59,190,0.0,592,GOLD,19,1,231,1.0,0.013,0,0.472,0.595,1,0.581,BASIC,50.59,CODE_PROMO_URGENCE
343,6,0,6,264,TRAMWAY,FREE,0.63,86,3.76,219,SILVER,5,1,109,0.0,0.635,0,0.761,0.376,0,0.49,BASIC,22.21,PROPOSER_UPGRADE_BASIC
344,7,1,6,177,FERRY,FREE,2.73,273,16.37,451,SILVER,17,0,0,0.143,0.248,1,0.242,0.497,1,0.831,BASIC,38.79,CODE_PROMO_URGENCE
345,6,1,5,480,TRAMWAY,BASIC,33.75,224,168.74,202,SILVER,8,0,0,0.167,0.663,1,0.378,0.58,1,0.929,BASIC,289.44,CODE_PROMO_URGENCE
346,4,1,3,527,METRO,BASIC,26.9,195,80.71,732,GOLD,23,0,0,0.25,0.0,1,0.458,0.638,1,0.842,BASIC,204.31,CODE_PROMO_URGENCE
347,4,0,4,318,TRAIN,PREMIUM,59.94,110,239.78,381,SILVER,21,1,138,0.0,0.365,0,0.694,0.729,0,0.317,PREMIUM,451.33,MAINTENIR_ENGAGEMENT
348,1,1,0,412,BUS,BASIC,26.5,225,0.0,537,GOLD,14,0,0,1.0,0.105,1,0.375,0.519,1,0.974,BASIC,123.29,CODE_PROMO_URGENCE
349,3,3,0,472,BUS,PREMIUM,62.38,211,0.0,691,GOLD,7,1,241,1.0,0.0,0,0.414,0.73,1,0.544,PREMIUM,253.74,OFFRE_RETENTION_PREMIUM
350,3,0,3,220,TRAIN,PREMIUM,58.64,129,175.92,215,SILVER,23,1,67,0.0,0.642,0,0.642,0.63,1,0.514,BASIC,316.07,OFFRE_RETENTION_PREMIUM
351,5,0,5,623,METRO,BASIC,33.31,283,166.55,219,SILVER,13,0,0,0.0,0.635,0,0.214,0.574,0,0.475,BASIC,305.03,MAINTENIR_ENGAGEMENT
352,5,2,3,624,TRAMWAY,BASIC,33.92,48,101.75,776,GOLD,13,1,187,0.4,0.0,0,0.867,0.697,0,0.381,PREMIUM,242.87,PROPOSER_UPGRADE_PREMIUM
353,5,0,5,626,BUS,BASIC,29.76,276,148.82,361,SILVER,15,0,0,0.0,0.398,0,0.233,0.609,0,0.377,BASIC,274.54,MAINTENIR_ENGAGEMENT
354,4,1,3,551,FERRY,PREMIUM,57.15,71,171.44,643,GOLD,13,1,164,0.25,0.0,0,0.803,0.8,0,0.308,PREMIUM,384.88,MAINTENIR_ENGAGEMENT
355,8,1,7,597,TRAIN,PREMIUM,62.38,31,436.68,634,GOLD,7,0,0,0.125,0.0,1,0.914,0.92,1,0.871,PREMIUM,664.71,OFFRE_RETENTION_PREMIUM
356,2,1,1,796,TRAIN,BASIC,30.84,260,30.84,125,BRONZE,8,1,180,0.5,0.792,0,0.278,0.408,1,0.628,BASIC,142.76,CODE_PROMO_URGENCE
357,5,0,5,487,TRAMWAY,PREMIUM,56.48,318,282.41,549,GOLD,11,1,303,0.0,0.085,0,0.117,0.829,0,0.054,PREMIUM,512.69,MAINTENIR_ENGAGEMENT
358,6,2,4,579,TRAMWAY,BASIC,31.94,68,127.76,291,SILVER,30,1,272,0.333,0.515,0,0.811,0.585,0,0.436,BASIC,239.18,MAINTENIR_ENGAGEMENT
359,6,3,3,391,BUS,BASIC,24.59,212,73.76,257,SILVER,13,1,359,0.5,0.572,0,0.411,0.499,0,0.333,BASIC,152.27,MAINTENIR_ENGAGEMENT
360,8,3,5,483,METRO,BASIC,28.96,335,144.8,55,BRONZE,23,0,0,0.375,0.908,1,0.069,0.506,1,0.959,BASIC,222.0,CODE_PROMO_URGENCE
361,8,2,6,720,METRO,BASIC,25.36,344,152.18,783,GOLD,7,0,0,0.25,0.0,1,0.044,0.728,1,0.765,PREMIUM,263.21,CODE_PROMO_URGENCE
362,7,2,5,386,METRO,BASIC,24.31,209,121.55,628,GOLD,1,1,67,0.286,0.0,0,0.419,0.69,0,0.343,PREMIUM,225.04,PROPOSER_UPGRADE_PREMIUM
363,7,1,6,864,METRO,PREMIUM,56.85,355,341.09,414,SILVER,23,0,0,0.143,0.31,1,0.014,0.812,1,0.807,PREMIUM,546.81,OFFRE_RETENTION_PREMIUM
364,3,2,1,871,BUS,BASIC,24.64,329,24.64,554,GOLD,21,1,358,0.667,0.077,0,0.086,0.553,0,0.175,BASIC,128.7,MAINTENIR_ENGAGEMENT
365,5,2,3,82,METRO,FREE,0.0,236,0.0,743,GOLD,21,0,0,0.4,0.0,1,0.344,0.46,1,0.871,BASIC,45.84,CODE_PROMO_URGENCE
366,6,0,6,471,FERRY,FREE,2.91,104,17.43,94,BRONZE,24,0,0,0.0,0.843,0,0.711,0.34,1,0.705,FREE,30.86,CODE_PROMO_URGENCE
367,7,3,4,448,TRAMWAY,PREMIUM,60.9,319,243.61,463,SILVER,9,0,0,0.429,0.228,1,0.114,0.793,1,0.893,PREMIUM,424.25,OFFRE_RETENTION_PREMIUM
368,1,1,0,326,BUS,PREMIUM,57.07,322,0.0,544,GOLD,12,1,295,1.0,0.093,0,0.106,0.687,0,0.42,PREMIUM,208.23,MAINTENIR_ENGAGEMENT
369,2,0,2,421,BUS,FREE,4.29,335,8.57,417,SILVER,4,1,288,0.0,0.305,0,0.069,0.364,0,0.08,BASIC,45.6,PROPOSER_UPGRADE_BASIC
370,8,2,6,103,TRAMWAY,FREE,0.0,226,0.0,763,GOLD,27,0,0,0.25,0.0,1,0.372,0.55,1,0.828,BASIC,28.85,CODE_PROMO_URGENCE
371,8,0,8,471,METRO,BASIC,32.78,336,262.27,414,SILVER,25,1,305,0.0,0.31,0,0.067,0.742,0,0.074,PREMIUM,402.35,PROPOSER_UPGRADE_PREMIUM
372,2,2,0,541,TRAMWAY,BASIC,32.95,289,0.0,785,GOLD,29,0,0,1.0,0.0,1,0.197,0.601,1,0.962,BASIC,154.74,CODE_PROMO_URGENCE
373,2,2,0,759,METRO,BASIC,24.42,204,0.0,345,SILVER,15,0,0,1.0,0.425,1,0.433,0.435,1,0.986,BASIC,104.77,CODE_PROMO_URGENCE
374,8,3,5,233,TRAMWAY,FREE,0.0,160,0.0,468,SILVER,15,0,0,0.375,0.22,1,0.556,0.475,1,0.924,BASIC,27.39,CODE_PROMO_URGENCE
375,8,3,5,466,FERRY,BASIC,33.13,30,165.65,666,GOLD,0,0,0,0.375,0.0,1,0.917,0.762,1,0.927,PREMIUM,295.92,CODE_PROMO_URGENCE
376,2,0,2,530,TRAIN,FREE,3.49,155,6.97,771,GOLD,19,1,209,0.0,0.0,0,0.569,0.434,0,0.123,BASIC,55.04,PROPOSER_UPGRADE_BASIC
377,1,1,0,576,METRO,BASIC,26.14,272,0.0,286,SILVER,5,1,33,1.0,0.523,0,0.244,0.412,1,0.886,BASIC,104.38,CODE_PROMO_URGENCE
378,4,2,2,739,BUS,FREE,0.0,69,0.0,135,BRONZE,9,1,262,0.5,0.775,0,0.808,0.236,1,0.664,FREE,2.99,CODE_PROMO_URGENCE
379,1,0,1,631,TRAMWAY,PREMIUM,60.28,111,60.28,139,BRONZE,7,1,348,0.0,0.768,0,0.692,0.538,0,0.233,BASIC,279.28,MAINTENIR_ENGAGEMENT
380,3,2,1,398,TRAMWAY,PREMIUM,54.43,165,54.43,532,GOLD,7,1,270,0.667,0.113,0,0.542,0.722,0,0.387,PREMIUM,263.67,MAINTENIR_ENGAGEMENT
381,4,3,1,541,BUS,BASIC,24.94,296,24.94,590,GOLD,23,1,337,0.75,0.017,0,0.178,0.58,0,0.226,BASIC,142.19,MAINTENIR_ENGAGEMENT
382,2,2,0,656,BUS,PREMIUM,59.23,274,0.0,102,BRONZE,0,0,0,1.0,0.83,1,0.239,0.512,1,0.992,BASIC,220.89,OFFRE_RETENTION_PREMIUM
383,5,1,4,571,FERRY,PREMIUM,58.82,73,235.29,48,BRONZE,18,1,211,0.2,0.92,0,0.797,0.6,1,0.612,BASIC,427.8,OFFRE_RETENTION_PREMIUM
384,1,0,1,605,TRAIN,BASIC,32.62,66,32.62,502,GOLD,23,0,0,0.0,0.163,0,0.817,0.567,0,0.444,BASIC,176.67,MAINTENIR_ENGAGEMENT
385,8,2,6,448,METRO,FREE,4.2,291,25.2,23,BRONZE,22,1,259,0.25,0.962,0,0.192,0.339,0,0.417,FREE,39.31,BOOST_POINTS_LOYALTY
386,2,0,2,789,FERRY,FREE,0.0,193,0.0,294,SILVER,11,0,0,0.0,0.51,0,0.464,0.282,1,0.494,FREE,11.63,CODE_PROMO_URGENCE
387,8,2,6,242,FERRY,FREE,2.31,168,13.86,609,GOLD,9,1,309,0.25,0.0,0,0.533,0.566,0,0.127,BASIC,51.86,PROPOSER_UPGRADE_BASIC
388,5,3,2,483,FERRY,FREE,0.0,328,0.0,447,SILVER,9,0,0,0.6,0.255,1,0.089,0.376,1,0.929,BASIC,15.44,CODE_PROMO_URGENCE
389,7,3,4,598,BUS,FREE,0.0,315,0.0,157,BRONZE,2,0,0,0.429,0.738,1,0.125,0.315,1,0.955,FREE,3.7,CODE_PROMO_URGENCE
390,1,0,1,128,METRO,FREE,1.07,68,1.07,757,GOLD,26,1,86,0.0,0.0,0,0.811,0.388,0,0.269,BASIC,46.3,PROPOSER_UPGRADE_BASIC
391,7,2,5,886,TRAIN,PREMIUM,55.41,79,277.03,605,GOLD,16,0,0,0.286,0.0,1,0.781,0.87,1,0.896,PREMIUM,471.96,OFFRE_RETENTION_PREMIUM
392,6,1,5,719,TRAIN,PREMIUM,58.24,61,291.18,305,SILVER,2,0,0,0.167,0.492,1,0.831,0.737,1,0.943,PREMIUM,480.1,OFFRE_RETENTION_PREMIUM
393,4,3,1,238,TRAIN,FREE,1.05,287,1.05,622,GOLD,30,0,0,0.75,0.0,1,0.203,0.417,1,0.932,BASIC,41.65,CODE_PROMO_URGENCE
394,5,3,2,428,METRO,BASIC,33.39,349,66.78,428,SILVER,20,1,108,0.6,0.287,0,0.031,0.602,1,0.49,BASIC,187.87,CODE_PROMO_URGENCE
395,1,0,1,450,TRAIN,FREE,0.0,161,0.0,460,SILVER,12,0,0,0.0,0.233,0,0.553,0.322,0,0.397,FREE,21.11,MAINTENIR_ENGAGEMENT
396,5,0,5,630,FERRY,BASIC,32.17,243,160.84,493,SILVER,30,0,0,0.0,0.178,0,0.325,0.681,0,0.312,PREMIUM,294.8,PROPOSER_UPGRADE_PREMIUM
397,8,3,5,336,METRO,FREE,0.0,142,0.0,89,BRONZE,18,1,273,0.375,0.852,0,0.606,0.317,1,0.55,FREE,0.0,CODE_PROMO_URGENCE
398,2,1,1,892,FERRY,PREMIUM,57.2,295,57.2,8,BRONZE,4,1,155,0.5,0.987,0,0.181,0.493,1,0.71,BASIC,248.43,OFFRE_RETENTION_PREMIUM
399,3,1,2,150,FERRY,BASIC,31.82,182,63.64,722,GOLD,30,0,0,0.333,0.0,1,0.494,0.643,1,0.873,BASIC,138.39,CODE_PROMO_URGENCE
400,3,0,3,678,TRAIN,FREE,1.86,225,5.57,211,SILVER,28,0,0,0.0,0.648,0,0.375,0.291,1,0.529,FREE,24.47,CODE_PROMO_URGENCE
401,3,1,2,372,METRO,PREMIUM,58.52,278,117.03,707,GOLD,20,0,0,0.333,0.0,1,0.228,0.77,1,0.833,PREMIUM,349.42,OFFRE_RETENTION_PREMIUM
402,6,0,6,54,TRAMWAY,BASIC,30.89,250,185.34,19,BRONZE,25,0,0,0.0,0.968,0,0.306,0.504,1,0.648,BASIC,199.73,CODE_PROMO_URGENCE
403,6,0,6,79,BUS,FREE,0.0,258,0.0,98,BRONZE,3,1,142,0.0,0.837,0,0.283,0.321,0,0.394,FREE,6.23,BOOST_POINTS_LOYALTY
404,1,1,0,296,TRAMWAY,PREMIUM,55.14,221,0.0,36,BRONZE,3,1,215,1.0,0.94,0,0.386,0.475,1,0.878,BASIC,167.18,OFFRE_RETENTION_PREMIUM
405,5,3,2,140,TRAIN,BASIC,32.77,295,65.55,255,SILVER,18,0,0,0.6,0.575,1,0.181,0.526,1,0.963,BASIC,112.71,CODE_PROMO_URGENCE
406,7,3,4,121,FERRY,FREE,1.74,90,6.95,696,GOLD,0,0,0,0.429,0.0,1,0.75,0.512,1,0.922,BASIC,42.3,CODE_PROMO_URGENCE
407,4,0,4,668,TRAMWAY,FREE,4.89,342,19.56,168,BRONZE,21,0,0,0.0,0.72,0,0.05,0.324,0,0.464,FREE,46.86,MAINTENIR_ENGAGEMENT
408,2,1,1,471,METRO,FREE,0.0,81,0.0,792,GOLD,8,1,31,0.5,0.0,0,0.775,0.39,1,0.625,BASIC,43.35,CODE_PROMO_URGENCE
409,1,1,0,79,TRAIN,FREE,3.39,150,0.0,362,SILVER,1,0,0,1.0,0.397,1,0.583,0.285,1,0.988,FREE,24.1,CODE_PROMO_URGENCE
410,3,2,1,756,TRAIN,PREMIUM,60.44,288,60.44,231,SILVER,27,0,0,0.667,0.615,1,0.2,0.596,1,0.971,BASIC,271.33,OFFRE_RETENTION_PREMIUM
411,4,1,3,440,BUS,PREMIUM,59.57,355,178.71,620,GOLD,11,0,0,0.25,0.0,1,0.014,0.8,1,0.758,PREMIUM,402.54,OFFRE_RETENTION_PREMIUM
412,8,0,8,676,TRAMWAY,PREMIUM,59.16,222,473.26,362,SILVER,25,0,0,0.0,0.397,0,0.383,0.841,0,0.419,PREMIUM,712.63,MAINTENIR_ENGAGEMENT
413,4,0,4,92,TRAIN,PREMIUM,63.41,217,253.65,217,SILVER,2,1,250,0.0,0.638,0,0.397,0.66,0,0.224,PREMIUM,324.06,MAINTENIR_ENGAGEMENT
414,6,0,6,831,TRAMWAY,BASIC,31.65,317,189.88,679,GOLD,26,1,197,0.0,0.0,0,0.119,0.752,0,0.08,PREMIUM,325.67,PROPOSER_UPGRADE_PREMIUM
415,7,2,5,410,METRO,FREE,0.0,233,0.0,495,SILVER,19,1,323,0.286,0.175,0,0.353,0.476,0,0.14,BASIC,33.86,PROPOSER_UPGRADE_BASIC
416,2,0,2,625,FERRY,FREE,1.4,65,2.8,150,BRONZE,18,1,272,0.0,0.75,0,0.819,0.232,0,0.341,FREE,16.5,MAINTENIR_ENGAGEMENT
417,3,1,2,641,BUS,PREMIUM,63.57,58,127.14,65,BRONZE,14,1,201,0.333,0.892,0,0.839,0.547,1,0.699,BASIC,341.8,OFFRE_RETENTION_PREMIUM
418,8,0,8,196,TRAMWAY,BASIC,26.28,239,210.23,455,SILVER,13,1,206,0.0,0.242,0,0.336,0.714,0,0.143,PREMIUM,286.99,PROPOSER_UPGRADE_PREMIUM
419,2,1,1,849,TRAMWAY,PREMIUM,57.05,132,57.05,366,SILVER,21,0,0,0.5,0.39,1,0.633,0.643,1,0.961,BASIC,270.73,OFFRE_RETENTION_PREMIUM
420,5,1,4,584,TRAIN,PREMIUM,55.65,301,222.58,20,BRONZE,18,1,89,0.2,0.967,0,0.164,0.588,1,0.61,BASIC,400.75,OFFRE_RETENTION_PREMIUM
421,1,1,0,767,TRAMWAY,BASIC,29.64,87,0.0,533,GOLD,29,0,0,1.0,0.112,1,0.758,0.54,1,0.984,BASIC,137.37,CODE_PROMO_URGENCE
422,1,0,1,364,METRO,BASIC,24.42,74,24.42,374,SILVER,22,0,0,0.0,0.377,0,0.794,0.457,1,0.533,BASIC,133.58,CODE_PROMO_URGENCE
423,6,3,3,61,TRAIN,BASIC,27.43,316,82.28,186,BRONZE,0,0,0,0.5,0.69,1,0.122,0.489,1,0.958,BASIC,80.19,CODE_PROMO_URGENCE
424,6,3,3,198,METRO,FREE,2.08,231,6.24,364,SILVER,3,1,297,0.5,0.393,0,0.358,0.386,0,0.323,BASIC,26.1,PROPOSER_UPGRADE_BASIC
425,6,1,5,612,BUS,BASIC,29.53,288,147.63,503,GOLD,28,1,243,0.167,0.162,0,0.2,0.676,0,0.132,PREMIUM,261.28,PROPOSER_UPGRADE_PREMIUM
426,4,0,4,563,BUS,FREE,4.02,36,16.1,349,SILVER,30,0,0,0.0,0.418,0,0.9,0.394,1,0.582,BASIC,49.03,CODE_PROMO_URGENCE
427,4,2,2,795,BUS,FREE,0.0,30,0.0,46,BRONZE,9,1,297,0.5,0.923,0,0.917,0.199,1,0.708,FREE,2.97,CODE_PROMO_URGENCE
428,6,2,4,437,METRO,FREE,0.0,181,0.0,272,SILVER,21,0,0,0.333,0.547,1,0.497,0.353,1,0.949,BASIC,12.28,CODE_PROMO_URGENCE
429,3,2,1,54,TRAMWAY,BASIC,33.22,302,33.22,605,GOLD,24,1,90,0.667,0.0,0,0.161,0.633,0,0.467,BASIC,72.55,MAINTENIR_ENGAGEMENT
430,7,3,4,457,BUS,BASIC,32.44,110,129.75,437,SILVER,18,0,0,0.429,0.272,1,0.694,0.659,1,0.948,PREMIUM,243.04,CODE_PROMO_URGENCE
431,8,0,8,646,TRAIN,BASIC,30.06,317,240.49,477,SILVER,26,1,65,0.0,0.205,0,0.119,0.749,0,0.207,PREMIUM,365.81,PROPOSER_UPGRADE_PREMIUM
432,8,3,5,243,TRAIN,FREE,0.0,344,0.0,181,BRONZE,19,0,0,0.375,0.698,1,0.044,0.355,1,0.94,BASIC,16.53,CODE_PROMO_URGENCE
433,7,2,5,532,BUS,BASIC,32.27,207,161.34,98,BRONZE,19,0,0,0.286,0.837,1,0.425,0.537,1,0.962,BASIC,266.38,CODE_PROMO_URGENCE
434,6,2,4,589,TRAIN,PREMIUM,62.63,204,250.53,300,SILVER,29,1,263,0.333,0.5,0,0.433,0.715,0,0.335,PREMIUM,450.61,MAINTENIR_ENGAGEMENT
435,1,0,1,569,BUS,BASIC,33.88,291,33.88,117,BRONZE,5,1,214,0.0,0.805,0,0.192,0.416,0,0.27,BASIC,165.44,MAINTENIR_ENGAGEMENT
436,5,1,4,354,TRAIN,PREMIUM,60.51,84,242.06,515,GOLD,29,0,0,0.2,0.142,1,0.767,0.795,1,0.898,PREMIUM,462.71,OFFRE_RETENTION_PREMIUM
437,6,1,5,556,METRO,PREMIUM,61.55,286,307.77,47,BRONZE,11,0,0,0.167,0.922,1,0.206,0.63,1,0.944,BASIC,506.23,OFFRE_RETENTION_PREMIUM
438,5,2,3,352,FERRY,PREMIUM,62.99,201,188.98,208,SILVER,7,0,0,0.4,0.653,1,0.442,0.647,1,0.961,BASIC,380.41,OFFRE_RETENTION_PREMIUM
439,6,0,6,380,METRO,BASIC,29.43,288,176.58,245,SILVER,1,1,77,0.0,0.592,0,0.2,0.588,0,0.35,BASIC,294.16,MAINTENIR_ENGAGEMENT
440,5,3,2,38,TRAIN,BASIC,27.22,284,54.45,304,SILVER,16,1,221,0.6,0.493,0,0.211,0.507,0,0.483,BASIC,70.2,MAINTENIR_ENGAGEMENT
441,3,1,2,571,FERRY,PREMIUM,60.87,119,121.73,351,SILVER,1,0,0,0.333,0.415,1,0.669,0.666,1,0.947,PREMIUM,335.71,OFFRE_RETENTION_PREMIUM
442,3,0,3,660,FERRY,BASIC,33.88,320,101.64,356,SILVER,3,1,229,0.0,0.407,0,0.111,0.575,0,0.131,BASIC,232.0,MAINTENIR_ENGAGEMENT
443,8,1,7,35,BUS,FREE,4.99,321,34.91,413,SILVER,28,1,335,0.125,0.312,0,0.108,0.527,0,0.088,BASIC,47.44,PROPOSER_UPGRADE_BASIC
444,8,1,7,421,BUS,PREMIUM,57.35,116,401.44,609,GOLD,10,1,65,0.125,0.0,0,0.678,0.92,0,0.325,PREMIUM,617.41,MAINTENIR_ENGAGEMENT
445,3,0,3,794,TRAIN,FREE,4.86,190,14.59,353,SILVER,16,0,0,0.0,0.412,0,0.472,0.371,0,0.452,BASIC,42.2,PROPOSER_UPGRADE_BASIC
446,8,0,8,301,TRAMWAY,BASIC,26.1,98,208.83,627,GOLD,17,1,110,0.0,0.0,0,0.728,0.773,0,0.226,PREMIUM,323.43,PROPOSER_UPGRADE_PREMIUM
447,3,3,0,138,TRAIN,PREMIUM,59.75,89,0.0,304,SILVER,21,1,345,1.0,0.493,0,0.753,0.607,1,0.711,BASIC,96.87,OFFRE_RETENTION_PREMIUM
448,3,1,2,825,TRAMWAY,BASIC,27.55,108,55.11,648,GOLD,8,0,0,0.333,0.0,1,0.7,0.613,1,0.898,BASIC,179.26,CODE_PROMO_URGENCE
449,8,1,7,871,FERRY,BASIC,26.65,256,186.57,21,BRONZE,12,0,0,0.125,0.965,1,0.289,0.515,1,0.948,BASIC,273.73,CODE_PROMO_URGENCE
450,5,2,3,123,TRAIN,PREMIUM,58.28,211,174.84,35,BRONZE,15,1,268,0.4,0.942,0,0.414,0.575,1,0.556,BASIC,210.19,OFFRE_RETENTION_PREMIUM
451,2,1,1,473,TRAMWAY,PREMIUM,57.39,140,57.39,341,SILVER,21,0,0,0.5,0.432,1,0.611,0.632,1,0.963,BASIC,264.51,OFFRE_RETENTION_PREMIUM
452,3,1,2,183,BUS,BASIC,24.31,283,48.63,283,SILVER,8,0,0,0.333,0.528,1,0.214,0.458,1,0.927,BASIC,102.04,CODE_PROMO_URGENCE
453,5,2,3,444,FERRY,BASIC,28.73,331,86.18,353,SILVER,26,1,45,0.4,0.412,0,0.081,0.558,1,0.523,BASIC,192.02,CODE_PROMO_URGENCE
454,4,0,4,733,FERRY,FREE,0.0,216,0.0,48,BRONZE,12,1,269,0.0,0.92,0,0.4,0.24,0,0.302,FREE,0.0,BOOST_POINTS_LOYALTY
455,8,2,6,67,BUS,BASIC,27.31,64,163.85,511,GOLD,26,0,0,0.25,0.148,1,0.822,0.704,1,0.915,PREMIUM,187.27,CODE_PROMO_URGENCE
456,2,0,2,666,METRO,BASIC,28.72,242,57.44,670,GOLD,28,1,158,0.0,0.0,0,0.328,0.611,0,0.122,BASIC,186.92,MAINTENIR_ENGAGEMENT
457,4,2,2,723,FERRY,FREE,0.19,168,0.38,398,SILVER,5,1,318,0.5,0.337,0,0.533,0.347,0,0.322,FREE,19.68,MAINTENIR_ENGAGEMENT
458,4,2,2,578,FERRY,BASIC,30.76,47,61.53,726,GOLD,21,1,314,0.5,0.0,0,0.869,0.645,0,0.283,BASIC,186.58,MAINTENIR_ENGAGEMENT
459,7,0,7,872,FERRY,BASIC,30.0,87,209.97,269,SILVER,5,0,0,0.0,0.552,0,0.758,0.632,1,0.599,BASIC,329.37,CODE_PROMO_URGENCE
460,8,3,5,647,TRAIN,PREMIUM,54.32,217,271.61,229,SILVER,11,1,352,0.375,0.618,0,0.397,0.725,0,0.289,PREMIUM,426.95,MAINTENIR_ENGAGEMENT
461,6,1,5,488,METRO,BASIC,24.54,304,122.72,157,BRONZE,1,0,0,0.167,0.738,1,0.156,0.497,1,0.919,BASIC,213.0,CODE_PROMO_URGENCE
462,5,1,4,473,BUS,BASIC,29.46,335,117.83,85,BRONZE,25,0,0,0.2,0.858,1,0.069,0.472,1,0.933,BASIC,216.94,CODE_PROMO_URGENCE
463,3,3,0,673,BUS,PREMIUM,57.08,107,0.0,319,SILVER,26,1,165,1.0,0.468,0,0.703,0.613,1,0.856,BASIC,228.07,OFFRE_RETENTION_PREMIUM
464,5,2,3,368,METRO,BASIC,27.83,194,83.49,521,GOLD,5,1,222,0.4,0.132,0,0.461,0.622,0,0.284,BASIC,188.45,MAINTENIR_ENGAGEMENT
465,2,1,1,607,BUS,PREMIUM,60.61,245,60.61,244,SILVER,27,1,206,0.5,0.593,0,0.319,0.592,0,0.518,BASIC,280.03,MAINTENIR_ENGAGEMENT
466,2,1,1,861,METRO,PREMIUM,61.65,208,61.65,675,GOLD,17,0,0,0.5,0.0,1,0.422,0.74,1,0.905,PREMIUM,305.03,OFFRE_RETENTION_PREMIUM
467,3,2,1,495,FERRY,PREMIUM,61.47,358,61.47,225,SILVER,15,0,0,0.667,0.625,1,0.006,0.594,1,0.964,BASIC,268.56,OFFRE_RETENTION_PREMIUM
468,7,2,5,386,TRAMWAY,BASIC,25.77,129,128.87,286,SILVER,29,1,219,0.286,0.523,0,0.642,0.57,0,0.432,BASIC,209.87,MAINTENIR_ENGAGEMENT
469,6,2,4,705,METRO,BASIC,33.4,155,133.59,596,GOLD,12,1,174,0.333,0.007,0,0.569,0.722,0,0.284,PREMIUM,266.0,PROPOSER_UPGRADE_PREMIUM
470,3,3,0,67,FERRY,PREMIUM,56.23,78,0.0,769,GOLD,9,1,237,1.0,0.0,0,0.783,0.73,1,0.655,PREMIUM,58.68,OFFRE_RETENTION_PREMIUM
471,7,2,5,243,BUS,BASIC,31.06,198,155.28,481,SILVER,29,1,235,0.286,0.198,0,0.45,0.688,0,0.236,PREMIUM,236.56,PROPOSER_UPGRADE_PREMIUM
472,4,0,4,775,TRAMWAY,BASIC,27.21,255,108.84,112,BRONZE,3,1,260,0.0,0.813,0,0.292,0.457,0,0.248,BASIC,207.48,MAINTENIR_ENGAGEMENT
473,5,1,4,900,TRAMWAY,BASIC,30.68,146,122.72,796,GOLD,25,0,0,0.2,0.0,1,0.594,0.695,1,0.847,PREMIUM,260.82,CODE_PROMO_URGENCE
474,1,0,1,761,METRO,BASIC,30.63,89,30.63,560,GOLD,3,1,25,0.0,0.067,0,0.753,0.578,0,0.351,BASIC,165.42,MAINTENIR_ENGAGEMENT
475,8,2,6,652,BUS,BASIC,26.59,236,159.53,239,SILVER,6,1,287,0.25,0.602,0,0.344,0.586,0,0.279,BASIC,244.05,MAINTENIR_ENGAGEMENT
476,3,1,2,515,TRAIN,BASIC,30.82,141,61.63,61,BRONZE,23,0,0,0.333,0.898,1,0.608,0.411,1,0.975,BASIC,165.32,CODE_PROMO_URGENCE
477,7,2,5,202,FERRY,PREMIUM,60.26,298,301.3,498,SILVER,13,1,33,0.286,0.17,0,0.172,0.827,0,0.388,PREMIUM,406.56,MAINTENIR_ENGAGEMENT
478,1,0,1,757,TRAMWAY,BASIC,30.43,132,30.43,761,GOLD,27,1,355,0.0,0.0,0,0.633,0.593,0,0.064,BASIC,173.57,MAINTENIR_ENGAGEMENT
479,6,0,6,283,FERRY,BASIC,25.97,222,155.82,733,GOLD,30,1,80,0.0,0.0,0,0.383,0.712,0,0.186,PREMIUM,274.16,PROPOSER_UPGRADE_PREMIUM
480,1,1,0,116,FERRY,PREMIUM,61.92,196,0.0,762,GOLD,0,1,221,1.0,0.0,0,0.456,0.71,1,0.583,PREMIUM,106.96,OFFRE_RETENTION_PREMIUM
481,3,0,3,194,FERRY,BASIC,29.92,62,89.76,209,SILVER,7,1,44,0.0,0.652,0,0.828,0.487,1,0.605,BASIC,156.22,CODE_PROMO_URGENCE
482,2,2,0,222,FERRY,FREE,2.94,275,0.0,463,SILVER,14,1,327,1.0,0.228,0,0.236,0.334,0,0.476,FREE,28.4,MAINTENIR_ENGAGEMENT
483,8,3,5,681,TRAIN,FREE,0.0,352,0.0,709,GOLD,0,1,227,0.375,0.0,0,0.022,0.53,0,0.144,BASIC,32.32,PROPOSER_UPGRADE_BASIC
484,2,2,0,382,TRAMWAY,PREMIUM,61.15,322,0.0,646,GOLD,22,0,0,1.0,0.0,1,0.106,0.72,1,0.958,PREMIUM,256.04,OFFRE_RETENTION_PREMIUM
485,7,2,5,747,TRAMWAY,PREMIUM,59.37,241,296.85,793,GOLD,24,0,0,0.286,0.0,1,0.331,0.87,1,0.834,PREMIUM,512.97,OFFRE_RETENTION_PREMIUM
486,1,0,1,78,TRAMWAY,BASIC,32.58,152,32.58,152,BRONZE,21,1,34,0.0,0.747,0,0.578,0.421,1,0.587,BASIC,61.03,CODE_PROMO_URGENCE
487,6,3,3,206,METRO,FREE,2.85,274,8.55,696,GOLD,19,0,0,0.5,0.0,1,0.239,0.49,1,0.885,BASIC,34.54,CODE_PROMO_URGENCE
488,2,0,2,657,BUS,PREMIUM,57.92,249,115.85,507,GOLD,12,0,0,0.0,0.155,0,0.308,0.721,0,0.299,PREMIUM,359.07,MAINTENIR_ENGAGEMENT
489,6,2,4,741,BUS,BASIC,29.25,338,116.99,760,GOLD,3,0,0,0.333,0.0,1,0.061,0.695,1,0.803,PREMIUM,237.62,CODE_PROMO_URGENCE
490,2,0,2,98,TRAIN,BASIC,30.74,285,61.49,601,GOLD,0,1,330,0.0,0.0,0,0.208,0.625,0,0.045,BASIC,113.46,MAINTENIR_ENGAGEMENT
491,3,2,1,124,METRO,FREE,1.82,78,1.82,16,BRONZE,13,1,302,0.667,0.973,0,0.783,0.169,1,0.769,FREE,3.7,CODE_PROMO_URGENCE
492,2,0,2,226,FERRY,BASIC,29.68,197,59.35,311,SILVER,13,0,0,0.0,0.482,0,0.453,0.497,0,0.478,BASIC,139.22,MAINTENIR_ENGAGEMENT
493,8,1,7,778,BUS,PREMIUM,54.41,292,380.88,712,GOLD,20,1,132,0.125,0.0,0,0.189,0.92,0,0.157,PREMIUM,592.43,MAINTENIR_ENGAGEMENT
494,7,2,5,332,METRO,BASIC,33.57,356,167.83,795,GOLD,0,0,0,0.286,0.0,1,0.011,0.755,1,0.773,PREMIUM,297.45,CODE_PROMO_URGENCE
495,2,0,2,124,TRAIN,FREE,0.0,43,0.0,62,BRONZE,11,1,340,0.0,0.897,0,0.881,0.186,0,0.334,FREE,11.58,MAINTENIR_ENGAGEMENT
496,8,1,7,425,BUS,FREE,1.84,195,12.89,23,BRONZE,21,1,41,0.125,0.962,0,0.458,0.342,1,0.705,FREE,26.79,CODE_PROMO_URGENCE
497,8,0,8,518,TRAMWAY,PREMIUM,55.31,330,442.44,351,SILVER,0,0,0,0.0,0.415,0,0.083,0.836,0,0.342,PREMIUM,664.79,MAINTENIR_ENGAGEMENT
498,1,0,1,203,TRAMWAY,FREE,3.65,209,3.65,755,GOLD,2,1,52,0.0,0.0,0,0.419,0.406,0,0.217,BASIC,50.17,PROPOSER_UPGRADE_BASIC
499,8,0,8,314,TRAMWAY,PREMIUM,54.24,173,433.95,606,GOLD,0,0,0,0.0,0.0,0,0.519,0.94,0,0.294,PREMIUM,643.86,MAINTENIR_ENGAGEMENT
500,5,3,2,401,TRAMWAY,PREMIUM,55.16,46,110.33,148,BRONZE,22,0,0,0.6,0.753,1,0.872,0.602,1,0.988,BASIC,285.41,OFFRE_RETENTION_PREMIUM
501,7,0,7,838,BUS,FREE,0.4,207,2.8,626,GOLD,6,1,176,0.0,0.0,0,0.425,0.563,0,0.124,BASIC,38.89,PROPOSER_UPGRADE_BASIC
502,7,3,4,313,TRAIN,FREE,4.92,49,19.69,154,BRONZE,10,1,173,0.429,0.743,0,0.864,0.349,1,0.731,FREE,31.98,CODE_PROMO_URGENCE
503,4,2,2,185,METRO,FREE,2.2,229,4.39,392,SILVER,8,0,0,0.5,0.347,1,0.364,0.359,1,0.943,BASIC,31.84,CODE_PROMO_URGENCE
504,8,2,6,339,FERRY,BASIC,24.77,276,148.62,402,SILVER,27,0,0,0.25,0.33,1,0.233,0.641,1,0.881,BASIC,230.83,CODE_PROMO_URGENCE
505,4,3,1,447,TRAMWAY,BASIC,25.31,240,25.31,194,BRONZE,10,0,0,0.75,0.677,1,0.333,0.418,1,0.982,BASIC,117.04,CODE_PROMO_URGENCE
506,7,3,4,830,FERRY,FREE,0.0,128,0.0,763,GOLD,30,1,266,0.429,0.0,0,0.644,0.5,0,0.247,BASIC,42.35,PROPOSER_UPGRADE_BASIC
507,6,0,6,295,METRO,BASIC,32.23,242,193.37,45,BRONZE,15,1,49,0.0,0.925,0,0.328,0.524,1,0.572,BASIC,290.61,CODE_PROMO_URGENCE
508,3,3,0,574,FERRY,PREMIUM,58.69,284,0.0,157,BRONZE,17,0,0,1.0,0.738,1,0.211,0.545,1,0.99,BASIC,216.54,OFFRE_RETENTION_PREMIUM
509,7,1,6,788,TRAMWAY,BASIC,28.52,246,171.11,118,BRONZE,4,1,202,0.143,0.803,0,0.317,0.539,0,0.396,BASIC,270.52,MAINTENIR_ENGAGEMENT
510,5,3,2,63,TRAIN,PREMIUM,62.19,140,124.37,458,SILVER,10,1,134,0.6,0.237,0,0.611,0.731,1,0.605,PREMIUM,156.36,OFFRE_RETENTION_PREMIUM
511,3,1,2,168,FERRY,BASIC,26.91,272,53.82,308,SILVER,3,0,0,0.333,0.487,1,0.244,0.487,1,0.924,BASIC,100.81,CODE_PROMO_URGENCE
512,5,2,3,369,TRAMWAY,BASIC,26.3,38,78.91,114,BRONZE,25,1,358,0.4,0.81,0,0.894,0.442,1,0.517,BASIC,156.4,CODE_PROMO_URGENCE
513,4,3,1,793,METRO,FREE,0.0,92,0.0,759,GOLD,1,0,0,0.75,0.0,1,0.744,0.41,1,0.963,BASIC,26.26,CODE_PROMO_URGENCE
514,2,0,2,254,FERRY,PREMIUM,54.45,32,108.91,484,SILVER,20,0,0,0.0,0.193,0,0.911,0.712,1,0.485,PREMIUM,267.2,OFFRE_RETENTION_PREMIUM
515,7,3,4,615,TRAMWAY,PREMIUM,57.61,266,230.44,121,BRONZE,20,1,77,0.429,0.798,0,0.261,0.65,1,0.711,PREMIUM,394.27,OFFRE_RETENTION_PREMIUM
516,8,0,8,78,BUS,FREE,0.0,267,0.0,163,BRONZE,28,1,339,0.0,0.728,0,0.258,0.408,0,0.15,BASIC,13.37,PROPOSER_UPGRADE_BASIC
517,2,1,1,583,FERRY,BASIC,31.41,177,31.41,470,SILVER,29,1,124,0.5,0.217,0,0.508,0.556,1,0.518,BASIC,159.68,CODE_PROMO_URGENCE
518,5,1,4,79,TRAIN,PREMIUM,60.93,239,243.71,285,SILVER,20,1,161,0.2,0.525,0,0.336,0.699,0,0.37,PREMIUM,285.66,MAINTENIR_ENGAGEMENT
519,1,0,1,732,METRO,BASIC,27.53,257,27.53,364,SILVER,25,1,183,0.0,0.393,0,0.286,0.474,0,0.19,BASIC,146.3,MAINTENIR_ENGAGEMENT
520,8,2,6,590,FERRY,BASIC,27.19,208,163.13,408,SILVER,5,1,262,0.25,0.32,0,0.422,0.66,0,0.227,PREMIUM,266.46,PROPOSER_UPGRADE_PREMIUM
521,3,0,3,47,BUS,PREMIUM,62.9,303,188.69,341,SILVER,20,1,17,0.0,0.432,0,0.158,0.682,0,0.348,PREMIUM,228.4,MAINTENIR_ENGAGEMENT
522,2,2,0,170,TRAIN,BASIC,28.06,332,0.0,343,SILVER,15,1,290,1.0,0.428,0,0.078,0.459,1,0.568,BASIC,72.83,CODE_PROMO_URGENCE
523,6,3,3,543,TRAIN,FREE,0.0,254,0.0,690,GOLD,10,0,0,0.5,0.0,1,0.294,0.47,1,0.891,BASIC,36.55,CODE_PROMO_URGENCE
524,3,3,0,853,FERRY,FREE,0.0,221,0.0,65,BRONZE,7,0,0,1.0,0.892,1,0.386,0.157,1,0.994,FREE,0.0,CODE_PROMO_URGENCE
525,7,0,7,39,TRAMWAY,FREE,0.0,68,0.0,322,SILVER,9,1,347,0.0,0.463,0,0.811,0.444,0,0.169,BASIC,7.83,PROPOSER_UPGRADE_BASIC
526,3,3,0,327,BUS,BASIC,32.9,314,0.0,728,GOLD,28,0,0,1.0,0.0,1,0.128,0.61,1,0.959,BASIC,146.67,CODE_PROMO_URGENCE
527,6,0,6,862,TRAMWAY,PREMIUM,56.74,174,340.44,340,SILVER,15,1,235,0.0,0.433,0,0.517,0.772,0,0.2,PREMIUM,558.78,MAINTENIR_ENGAGEMENT
528,6,0,6,440,FERRY,PREMIUM,56.4,260,338.38,364,SILVER,1,0,0,0.0,0.393,0,0.278,0.782,0,0.387,PREMIUM,555.66,MAINTENIR_ENGAGEMENT
529,1,1,0,562,METRO,PREMIUM,60.04,206,0.0,256,SILVER,16,1,355,1.0,0.573,0,0.428,0.567,1,0.646,BASIC,230.42,OFFRE_RETENTION_PREMIUM
530,1,0,1,473,BUS,BASIC,25.63,82,25.63,65,BRONZE,26,1,293,0.0,0.892,0,0.772,0.337,0,0.36,FREE,124.56,MAINTENIR_ENGAGEMENT
531,1,1,0,397,TRAMWAY,PREMIUM,58.72,224,0.0,553,GOLD,25,0,0,1.0,0.078,1,0.378,0.69,1,0.973,PREMIUM,241.92,OFFRE_RETENTION_PREMIUM
532,2,2,0,448,FERRY,PREMIUM,57.17,151,0.0,613,GOLD,14,0,0,1.0,0.0,1,0.581,0.72,1,0.976,PREMIUM,240.97,OFFRE_RETENTION_PREMIUM
533,5,2,3,494,BUS,PREMIUM,57.43,342,172.29,255,SILVER,5,0,0,0.4,0.575,1,0.05,0.666,1,0.931,PREMIUM,360.02,OFFRE_RETENTION_PREMIUM
534,7,3,4,844,TRAMWAY,BASIC,26.55,48,106.2,590,GOLD,24,0,0,0.429,0.017,1,0.867,0.682,1,0.933,PREMIUM,210.54,CODE_PROMO_URGENCE
535,6,1,5,461,TRAIN,PREMIUM,63.25,152,316.27,161,BRONZE,15,1,17,0.167,0.732,0,0.578,0.677,1,0.697,PREMIUM,533.62,OFFRE_RETENTION_PREMIUM
536,8,2,6,691,TRAMWAY,BASIC,32.98,30,197.9,534,GOLD,5,1,257,0.25,0.11,0,0.917,0.753,0,0.272,PREMIUM,321.17,PROPOSER_UPGRADE_PREMIUM
537,6,2,4,869,TRAMWAY,BASIC,30.71,92,122.84,439,SILVER,6,1,260,0.333,0.268,0,0.744,0.638,0,0.328,BASIC,233.99,MAINTENIR_ENGAGEMENT
538,4,0,4,746,FERRY,BASIC,26.94,152,107.78,456,SILVER,6,1,159,0.0,0.24,0,0.578,0.599,0,0.223,BASIC,232.95,MAINTENIR_ENGAGEMENT
539,3,2,1,400,BUS,FREE,0.0,51,0.0,456,SILVER,3,0,0,0.667,0.24,1,0.858,0.34,1,0.974,FREE,22.61,CODE_PROMO_URGENCE
540,6,0,6,505,METRO,BASIC,30.82,169,184.93,625,GOLD,26,0,0,0.0,0.0,0,0.531,0.746,0,0.297,PREMIUM,325.89,PROPOSER_UPGRADE_PREMIUM
541,2,2,0,463,BUS,BASIC,26.73,105,0.0,156,BRONZE,27,1,133,1.0,0.74,0,0.708,0.372,1,0.921,BASIC,107.77,CODE_PROMO_URGENCE
542,4,3,1,242,BUS,BASIC,26.91,243,26.91,551,GOLD,20,1,261,0.75,0.082,0,0.325,0.578,0,0.373,BASIC,114.95,MAINTENIR_ENGAGEMENT
543,3,0,3,701,BUS,FREE,1.24,34,3.73,686,GOLD,21,1,192,0.0,0.0,0,0.906,0.449,0,0.188,BASIC,42.24,PROPOSER_UPGRADE_BASIC
544,6,0,6,829,BUS,BASIC,32.84,304,197.03,494,SILVER,6,1,68,0.0,0.177,0,0.156,0.716,0,0.203,PREMIUM,344.11,PROPOSER_UPGRADE_PREMIUM
545,3,1,2,332,BUS,BASIC,24.3,311,48.61,533,GOLD,18,1,201,0.333,0.112,0,0.136,0.562,0,0.197,BASIC,147.49,MAINTENIR_ENGAGEMENT
546,8,2,6,205,TRAMWAY,BASIC,33.74,166,202.47,755,GOLD,25,0,0,0.25,0.0,1,0.539,0.786,1,0.855,PREMIUM,287.13,CODE_PROMO_URGENCE
547,2,0,2,631,TRAMWAY,FREE,4.01,322,8.02,547,GOLD,3,1,235,0.0,0.088,0,0.106,0.416,0,0.076,BASIC,47.5,PROPOSER_UPGRADE_BASIC
548,5,2,3,105,TRAIN,BASIC,29.97,46,89.91,200,SILVER,2,1,39,0.4,0.667,0,0.872,0.503,1,0.822,BASIC,125.31,CODE_PROMO_URGENCE
549,8,2,6,827,METRO,FREE,0.51,332,3.04,189,BRONZE,16,1,266,0.25,0.685,0,0.078,0.382,0,0.268,BASIC,3.41,PROPOSER_UPGRADE_BASIC
550,1,1,0,760,TRAMWAY,PREMIUM,58.11,298,0.0,238,SILVER,27,0,0,1.0,0.603,1,0.172,0.559,1,0.987,BASIC,220.55,OFFRE_RETENTION_PREMIUM
551,2,1,1,665,TRAMWAY,BASIC,30.83,168,30.83,360,SILVER,23,1,198,0.5,0.4,0,0.533,0.506,1,0.506,BASIC,147.38,CODE_PROMO_URGENCE
552,5,2,3,527,FERRY,BASIC,27.32,87,81.96,124,BRONZE,11,0,0,0.4,0.793,1,0.758,0.453,1,0.979,BASIC,174.5,CODE_PROMO_URGENCE
553,2,1,1,271,METRO,PREMIUM,58.02,179,58.02,783,GOLD,11,0,0,0.5,0.0,1,0.503,0.74,1,0.913,PREMIUM,237.95,OFFRE_RETENTION_PREMIUM
554,1,1,0,254,TRAMWAY,FREE,4.97,158,0.0,267,SILVER,12,1,150,1.0,0.555,0,0.561,0.256,1,0.864,FREE,34.98,CODE_PROMO_URGENCE
555,8,2,6,323,METRO,BASIC,33.23,112,199.41,712,GOLD,18,1,145,0.25,0.0,0,0.689,0.783,0,0.301,PREMIUM,313.36,PROPOSER_UPGRADE_PREMIUM
556,7,2,5,89,FERRY,BASIC,27.86,73,139.28,665,GOLD,14,1,236,0.286,0.0,0,0.797,0.715,0,0.246,PREMIUM,169.9,PROPOSER_UPGRADE_PREMIUM
557,6,2,4,183,METRO,FREE,0.0,271,0.0,287,SILVER,2,0,0,0.333,0.522,1,0.247,0.36,1,0.929,BASIC,10.51,CODE_PROMO_URGENCE
558,7,2,5,686,TRAMWAY,BASIC,29.88,158,149.38,692,GOLD,1,1,210,0.286,0.0,0,0.561,0.729,0,0.22,PREMIUM,271.21,PROPOSER_UPGRADE_PREMIUM
559,5,0,5,122,BUS,BASIC,24.8,286,124.01,322,SILVER,0,1,172,0.0,0.463,0,0.206,0.558,0,0.204,BASIC,174.73,MAINTENIR_ENGAGEMENT
560,5,2,3,402,FERRY,PREMIUM,57.48,60,172.44,75,BRONZE,23,1,117,0.4,0.875,0,0.833,0.591,1,0.808,BASIC,348.85,OFFRE_RETENTION_PREMIUM
561,5,0,5,187,FERRY,BASIC,27.16,175,135.78,491,SILVER,26,1,135,0.0,0.182,0,0.514,0.645,0,0.215,BASIC,199.14,MAINTENIR_ENGAGEMENT
562,5,1,4,699,BUS,PREMIUM,61.51,71,246.06,87,BRONZE,25,1,215,0.2,0.855,0,0.803,0.616,1,0.58,BASIC,450.9,OFFRE_RETENTION_PREMIUM
563,4,0,4,143,BUS,PREMIUM,55.6,140,222.42,180,BRONZE,12,1,365,0.0,0.7,0,0.611,0.645,0,0.181,BASIC,312.13,MAINTENIR_ENGAGEMENT
564,7,2,5,668,METRO,FREE,0.0,158,0.0,629,GOLD,2,1,316,0.286,0.0,0,0.561,0.52,0,0.137,BASIC,36.89,PROPOSER_UPGRADE_BASIC
565,6,1,5,137,METRO,BASIC,30.66,229,153.31,747,GOLD,7,0,0,0.167,0.0,1,0.364,0.725,1,0.795,PREMIUM,220.17,CODE_PROMO_URGENCE
566,6,3,3,663,TRAMWAY,BASIC,29.42,196,88.27,197,BRONZE,9,0,0,0.5,0.672,1,0.456,0.508,1,0.971,BASIC,170.63,CODE_PROMO_URGENCE
567,4,1,3,890,BUS,FREE,0.0,214,0.0,533,GOLD,6,0,0,0.25,0.112,1,0.406,0.422,1,0.86,BASIC,19.59,CODE_PROMO_URGENCE
568,1,0,1,456,METRO,BASIC,32.65,102,32.65,562,GOLD,16,1,269,0.0,0.063,0,0.717,0.593,0,0.119,BASIC,179.19,MAINTENIR_ENGAGEMENT
569,2,1,1,245,TRAMWAY,BASIC,32.15,122,32.15,757,GOLD,19,1,161,0.5,0.0,0,0.661,0.615,0,0.416,BASIC,139.22,MAINTENIR_ENGAGEMENT
570,2,1,1,106,TRAIN,PREMIUM,57.12,270,57.12,409,SILVER,3,1,233,0.5,0.318,0,0.25,0.66,0,0.342,PREMIUM,121.06,MAINTENIR_ENGAGEMENT
571,5,0,5,537,TRAIN,BASIC,32.51,100,162.56,500,GOLD,14,1,229,0.0,0.167,0,0.722,0.686,0,0.17,PREMIUM,297.64,PROPOSER_UPGRADE_PREMIUM
572,4,3,1,388,FERRY,FREE,1.82,158,1.82,231,SILVER,7,0,0,0.75,0.615,1,0.561,0.269,1,0.985,FREE,22.84,CODE_PROMO_URGENCE
573,1,1,0,199,FERRY,FREE,3.2,135,0.0,650,GOLD,20,0,0,1.0,0.0,1,0.625,0.382,1,0.977,BASIC,37.81,CODE_PROMO_URGENCE
574,5,0,5,559,METRO,BASIC,28.32,114,141.61,407,SILVER,6,1,237,0.0,0.322,0,0.683,0.618,0,0.198,BASIC,271.03,MAINTENIR_ENGAGEMENT
575,2,1,1,533,METRO,BASIC,29.83,105,29.83,153,BRONZE,21,0,0,0.5,0.745,1,0.708,0.413,1,0.981,BASIC,133.45,CODE_PROMO_URGENCE
576,5,1,4,433,BUS,FREE,0.0,249,0.0,169,BRONZE,28,0,0,0.2,0.718,1,0.308,0.3,1,0.935,FREE,16.2,CODE_PROMO_URGENCE
577,8,3,5,560,BUS,FREE,1.05,209,5.26,267,SILVER,19,0,0,0.375,0.555,1,0.419,0.399,1,0.95,BASIC,16.57,CODE_PROMO_URGENCE
578,4,1,3,338,TRAMWAY,BASIC,28.63,163,85.88,494,SILVER,4,0,0,0.25,0.177,1,0.547,0.606,1,0.891,BASIC,204.24,CODE_PROMO_URGENCE
579,8,3,5,603,BUS,BASIC,28.06,210,140.31,110,BRONZE,29,0,0,0.375,0.817,1,0.417,0.522,1,0.968,BASIC,224.85,CODE_PROMO_URGENCE
580,6,3,3,35,BUS,BASIC,33.62,73,100.87,539,GOLD,14,0,0,0.5,0.102,1,0.797,0.68,1,0.947,PREMIUM,105.3,CODE_PROMO_URGENCE
581,7,0,7,126,METRO,FREE,3.6,152,25.18,342,SILVER,16,1,223,0.0,0.43,0,0.578,0.478,0,0.222,BASIC,48.3,PROPOSER_UPGRADE_BASIC
582,2,0,2,232,TRAMWAY,BASIC,31.68,123,63.35,744,GOLD,29,1,321,0.0,0.0,0,0.658,0.632,0,0.078,BASIC,166.68,MAINTENIR_ENGAGEMENT
583,4,0,4,828,TRAIN,BASIC,32.5,359,129.99,543,GOLD,23,0,0,0.0,0.095,0,0.003,0.674,0,0.21,PREMIUM,270.9,PROPOSER_UPGRADE_PREMIUM
584,7,3,4,539,METRO,FREE,3.92,41,15.68,442,SILVER,9,0,0,0.429,0.263,1,0.886,0.462,1,0.957,BASIC,50.44,CODE_PROMO_URGENCE
585,8,2,6,273,TRAIN,FREE,0.16,88,0.98,438,SILVER,26,0,0,0.25,0.27,1,0.756,0.484,1,0.925,BASIC,27.6,CODE_PROMO_URGENCE
586,4,1,3,726,BUS,FREE,4.68,74,14.03,456,SILVER,15,1,303,0.25,0.24,0,0.794,0.423,0,0.24,BASIC,57.23,PROPOSER_UPGRADE_BASIC
587,4,0,4,184,TRAMWAY,BASIC,24.01,76,96.06,250,SILVER,7,1,218,0.0,0.583,0,0.789,0.492,0,0.332,BASIC,160.62,MAINTENIR_ENGAGEMENT
588,7,1,6,508,TRAMWAY,PREMIUM,61.28,175,367.71,435,SILVER,7,1,51,0.143,0.275,0,0.514,0.821,0,0.423,PREMIUM,586.78,MAINTENIR_ENGAGEMENT
589,6,1,5,673,FERRY,BASIC,28.02,81,140.1,364,SILVER,6,1,181,0.167,0.393,0,0.775,0.608,0,0.392,BASIC,250.77,MAINTENIR_ENGAGEMENT
590,4,2,2,31,METRO,BASIC,24.27,148,48.54,760,GOLD,19,1,238,0.5,0.0,0,0.589,0.6,0,0.3,BASIC,80.25,MAINTENIR_ENGAGEMENT
591,2,2,0,38,METRO,FREE,0.0,111,0.0,320,SILVER,4,0,0,1.0,0.467,1,0.692,0.253,1,0.991,FREE,10.42,CODE_PROMO_URGENCE
592,5,3,2,748,TRAMWAY,FREE,2.39,297,4.78,723,GOLD,19,1,358,0.6,0.0,0,0.175,0.457,0,0.148,BASIC,45.18,PROPOSER_UPGRADE_BASIC
593,1,1,0,555,BUS,PREMIUM,56.82,276,0.0,66,BRONZE,3,1,191,1.0,0.89,0,0.233,0.488,1,0.862,BASIC,213.33,OFFRE_RETENTION_PREMIUM
594,8,3,5,192,TRAMWAY,BASIC,30.04,59,150.18,680,GOLD,2,0,0,0.375,0.0,1,0.836,0.74,1,0.92,PREMIUM,218.71,CODE_PROMO_URGENCE
595,7,2,5,768,BUS,BASIC,31.44,50,157.19,567,GOLD,17,0,0,0.286,0.055,1,0.861,0.726,1,0.913,PREMIUM,271.85,CODE_PROMO_URGENCE
596,2,0,2,651,METRO,BASIC,28.05,355,56.09,457,SILVER,9,0,0,0.0,0.238,0,0.014,0.547,0,0.258,BASIC,176.39,MAINTENIR_ENGAGEMENT
597,7,2,5,737,TRAMWAY,FREE,0.0,91,0.0,4,BRONZE,14,1,39,0.286,0.993,0,0.747,0.272,1,0.844,FREE,4.16,CODE_PROMO_URGENCE
598,2,1,1,814,METRO,BASIC,26.41,108,26.41,696,GOLD,1,0,0,0.5,0.0,1,0.7,0.575,1,0.93,BASIC,143.18,CODE_PROMO_URGENCE
599,1,1,0,640,TRAMWAY,FREE,0.0,324,0.0,366,SILVER,5,0,0,1.0,0.39,1,0.1,0.263,1,0.979,FREE,17.98,CODE_PROMO_URGENCE
600,1,0,1,53,METRO,BASIC,26.98,96,26.98,796,GOLD,4,1,221,0.0,0.0,0,0.733,0.569,0,0.138,BASIC,91.09,MAINTENIR_ENGAGEMENT
601,8,0,8,302,TRAIN,PREMIUM,59.06,165,472.49,724,GOLD,29,0,0,0.0,0.0,0,0.542,0.94,0,0.299,PREMIUM,683.76,MAINTENIR_ENGAGEMENT
602,7,2,5,291,METRO,FREE,2.34,65,11.68,684,GOLD,0,1,139,0.286,0.0,0,0.819,0.536,0,0.363,BASIC,43.97,PROPOSER_UPGRADE_BASIC
603,1,1,0,443,TRAMWAY,FREE,3.55,193,0.0,339,SILVER,21,1,160,1.0,0.435,0,0.464,0.276,1,0.812,FREE,19.33,CODE_PROMO_URGENCE
604,7,1,6,579,TRAIN,BASIC,28.7,69,172.19,274,SILVER,23,0,0,0.143,0.543,1,0.808,0.605,1,0.943,BASIC,273.02,CODE_PROMO_URGENCE
605,1,0,1,534,TRAMWAY,FREE,4.37,282,4.37,411,SILVER,11,1,338,0.0,0.315,0,0.217,0.332,0,0.074,FREE,35.06,MAINTENIR_ENGAGEMENT
606,4,1,3,555,FERRY,FREE,0.34,311,1.03,340,SILVER,20,1,331,0.25,0.433,0,0.136,0.344,0,0.149,FREE,19.09,MAINTENIR_ENGAGEMENT
607,1,1,0,772,TRAMWAY,BASIC,31.63,43,0.0,753,GOLD,26,0,0,1.0,0.0,1,0.881,0.581,1,0.983,BASIC,152.57,CODE_PROMO_URGENCE
608,6,2,4,401,FERRY,PREMIUM,56.31,138,225.25,149,BRONZE,11,1,186,0.333,0.752,0,0.617,0.652,1,0.6,PREMIUM,392.31,OFFRE_RETENTION_PREMIUM
609,6,1,5,603,TRAMWAY,PREMIUM,59.0,109,295.01,473,SILVER,11,1,359,0.167,0.212,0,0.697,0.807,0,0.138,PREMIUM,509.53,MAINTENIR_ENGAGEMENT
610,8,1,7,169,TRAIN,FREE,1.68,57,11.78,408,SILVER,17,1,234,0.125,0.32,0,0.842,0.502,0,0.292,BASIC,35.33,PROPOSER_UPGRADE_BASIC
611,6,0,6,394,BUS,FREE,0.0,182,0.0,200,SILVER,18,1,18,0.0,0.667,0,0.494,0.363,1,0.549,BASIC,10.68,CODE_PROMO_URGENCE
612,2,2,0,593,TRAMWAY,FREE,1.36,75,0.0,554,GOLD,7,1,293,1.0,0.077,0,0.792,0.36,1,0.618,BASIC,23.09,CODE_PROMO_URGENCE
613,7,3,4,517,BUS,PREMIUM,58.99,210,235.95,474,SILVER,28,0,0,0.429,0.21,1,0.417,0.797,1,0.921,PREMIUM,423.53,OFFRE_RETENTION_PREMIUM
614,6,2,4,140,TRAIN,PREMIUM,55.83,355,223.3,547,GOLD,20,0,0,0.333,0.088,1,0.014,0.818,1,0.819,PREMIUM,291.16,OFFRE_RETENTION_PREMIUM
615,3,1,2,596,BUS,FREE,0.79,299,1.58,126,BRONZE,20,0,0,0.333,0.79,1,0.169,0.228,1,0.951,FREE,11.03,CODE_PROMO_URGENCE
616,4,1,3,339,FERRY,FREE,0.0,296,0.0,366,SILVER,2,1,277,0.25,0.39,0,0.178,0.352,0,0.186,BASIC,18.73,PROPOSER_UPGRADE_BASIC
617,4,0,4,761,FERRY,FREE,0.0,122,0.0,779,GOLD,12,0,0,0.0,0.0,0,0.661,0.47,0,0.33,BASIC,41.3,PROPOSER_UPGRADE_BASIC
618,6,3,3,477,BUS,BASIC,29.35,152,88.05,649,GOLD,24,1,266,0.5,0.0,0,0.578,0.675,0,0.266,PREMIUM,200.3,PROPOSER_UPGRADE_PREMIUM
619,4,1,3,224,FERRY,BASIC,29.58,329,88.75,412,SILVER,27,0,0,0.25,0.313,1,0.086,0.579,1,0.857,BASIC,162.84,CODE_PROMO_URGENCE
620,3,3,0,165,TRAMWAY,BASIC,27.93,286,0.0,555,GOLD,16,1,158,1.0,0.075,0,0.206,0.557,1,0.626,BASIC,79.89,CODE_PROMO_URGENCE
621,4,0,4,33,FERRY,BASIC,27.97,99,111.89,254,SILVER,7,1,312,0.0,0.577,0,0.725,0.522,0,0.214,BASIC,127.08,MAINTENIR_ENGAGEMENT
622,4,3,1,673,METRO,FREE,0.14,71,0.14,505,GOLD,13,1,69,0.75,0.158,0,0.803,0.371,1,0.776,BASIC,14.39,CODE_PROMO_URGENCE
623,1,0,1,373,BUS,BASIC,26.55,88,26.55,71,BRONZE,22,1,131,0.0,0.882,0,0.756,0.345,1,0.569,FREE,118.45,CODE_PROMO_URGENCE
624,5,3,2,310,BUS,PREMIUM,60.76,325,121.53,45,BRONZE,0,0,0,0.6,0.925,1,0.097,0.559,1,0.978,BASIC,268.36,OFFRE_RETENTION_PREMIUM
625,3,0,3,451,TRAIN,PREMIUM,61.52,170,184.55,26,BRONZE,24,1,321,0.0,0.957,0,0.528,0.551,0,0.288,BASIC,408.13,BOOST_POINTS_LOYALTY
626,8,0,8,44,TRAIN,BASIC,33.44,61,267.54,264,SILVER,9,1,28,0.0,0.56,0,0.831,0.684,1,0.587,PREMIUM,295.87,CODE_PROMO_URGENCE
627,1,1,0,439,METRO,BASIC,33.33,157,0.0,385,SILVER,23,0,0,1.0,0.358,1,0.564,0.504,1,0.987,BASIC,142.65,CODE_PROMO_URGENCE
628,3,2,1,660,TRAMWAY,FREE,0.0,169,0.0,57,BRONZE,19,0,0,0.667,0.905,1,0.531,0.174,1,0.988,FREE,4.54,CODE_PROMO_URGENCE
629,2,1,1,251,TRAIN,BASIC,32.29,256,32.29,442,SILVER,17,0,0,0.5,0.263,1,0.289,0.55,1,0.929,BASIC,140.04,CODE_PROMO_URGENCE
630,8,0,8,359,BUS,FREE,1.95,124,15.61,282,SILVER,26,1,94,0.0,0.53,0,0.656,0.471,0,0.432,BASIC,27.59,PROPOSER_UPGRADE_BASIC
631,1,0,1,691,TRAIN,PREMIUM,59.24,77,59.24,28,BRONZE,27,0,0,0.0,0.953,0,0.786,0.492,1,0.761,BASIC,275.67,OFFRE_RETENTION_PREMIUM
632,3,2,1,307,BUS,BASIC,30.15,34,30.15,446,SILVER,21,1,310,0.667,0.257,0,0.906,0.547,0,0.504,BASIC,135.37,MAINTENIR_ENGAGEMENT
633,4,2,2,116,FERRY,FREE,3.47,90,6.95,34,BRONZE,23,1,346,0.5,0.943,0,0.75,0.218,1,0.611,FREE,14.81,CODE_PROMO_URGENCE
634,8,1,7,690,TRAMWAY,PREMIUM,62.76,197,439.32,696,GOLD,12,1,43,0.125,0.0,0,0.453,0.92,0,0.293,PREMIUM,677.95,MAINTENIR_ENGAGEMENT
635,5,2,3,505,TRAIN,PREMIUM,60.7,275,182.09,517,GOLD,29,0,0,0.4,0.138,1,0.236,0.775,1,0.884,PREMIUM,389.16,OFFRE_RETENTION_PREMIUM
636,4,0,4,143,METRO,PREMIUM,59.06,47,236.24,59,BRONZE,13,0,0,0.0,0.902,0,0.869,0.595,1,0.762,BASIC,316.19,OFFRE_RETENTION_PREMIUM
637,1,0,1,276,TRAIN,PREMIUM,56.18,30,56.18,544,GOLD,22,1,231,0.0,0.093,0,0.917,0.707,0,0.183,PREMIUM,238.02,MAINTENIR_ENGAGEMENT
638,6,3,3,514,FERRY,FREE,2.07,151,6.2,349,SILVER,15,0,0,0.5,0.418,1,0.581,0.38,1,0.961,BASIC,35.43,CODE_PROMO_URGENCE
639,1,0,1,519,METRO,BASIC,33.5,165,33.5,668,GOLD,26,1,68,0.0,0.0,0,0.542,0.615,0,0.227,BASIC,189.88,MAINTENIR_ENGAGEMENT
640,5,1,4,407,METRO,FREE,0.0,245,0.0,430,SILVER,30,1,148,0.2,0.283,0,0.319,0.409,0,0.285,BASIC,21.46,PROPOSER_UPGRADE_BASIC
641,1,1,0,149,BUS,FREE,3.67,140,0.0,530,GOLD,18,0,0,1.0,0.117,1,0.611,0.357,1,0.981,BASIC,35.18,CODE_PROMO_URGENCE
642,1,1,0,203,FERRY,BASIC,29.13,161,0.0,748,GOLD,3,0,0,1.0,0.0,1,0.553,0.564,1,0.975,BASIC,93.29,CODE_PROMO_URGENCE
643,2,2,0,189,FERRY,PREMIUM,63.72,119,0.0,645,GOLD,3,0,0,1.0,0.0,1,0.669,0.72,1,0.978,PREMIUM,146.53,OFFRE_RETENTION_PREMIUM
644,7,1,6,123,FERRY,BASIC,28.05,210,168.33,534,GOLD,0,1,360,0.143,0.11,0,0.417,0.709,0,0.082,PREMIUM,223.0,PROPOSER_UPGRADE_PREMIUM
645,1,1,0,681,FERRY,BASIC,30.11,154,0.0,258,SILVER,1,1,54,1.0,0.57,0,0.572,0.428,1,0.918,BASIC,124.73,CODE_PROMO_URGENCE
646,7,0,7,237,TRAMWAY,BASIC,29.06,53,203.4,175,BRONZE,20,0,0,0.0,0.708,0,0.853,0.586,1,0.69,BASIC,287.16,CODE_PROMO_URGENCE
647,3,1,2,375,TRAIN,BASIC,27.69,115,55.38,658,GOLD,20,0,0,0.333,0.0,1,0.681,0.614,1,0.896,BASIC,182.66,CODE_PROMO_URGENCE
648,3,3,0,372,BUS,BASIC,25.38,132,0.0,315,SILVER,29,1,113,1.0,0.475,0,0.633,0.439,1,0.88,BASIC,107.74,CODE_PROMO_URGENCE
649,8,0,8,724,TRAIN,PREMIUM,58.81,186,470.51,733,GOLD,7,0,0,0.0,0.0,0,0.483,0.94,0,0.285,PREMIUM,724.4,MAINTENIR_ENGAGEMENT
650,2,0,2,759,FERRY,FREE,3.73,231,7.45,655,GOLD,9,0,0,0.0,0.0,0,0.358,0.436,0,0.255,BASIC,51.78,PROPOSER_UPGRADE_BASIC
651,6,0,6,144,METRO,FREE,4.47,66,26.84,21,BRONZE,10,1,52,0.0,0.965,0,0.817,0.32,1,0.717,FREE,32.8,CODE_PROMO_URGENCE
652,2,0,2,315,BUS,BASIC,30.68,361,61.37,485,SILVER,26,0,0,0.0,0.192,0,0.0,0.577,0,0.24,BASIC,188.87,MAINTENIR_ENGAGEMENT
653,4,0,4,633,TRAMWAY,PREMIUM,55.82,302,223.28,778,GOLD,10,1,37,0.0,0.0,0,0.161,0.82,0,0.181,PREMIUM,469.83,MAINTENIR_ENGAGEMENT
654,5,3,2,815,TRAIN,PREMIUM,61.3,185,122.61,603,GOLD,23,0,0,0.6,0.0,1,0.486,0.79,1,0.93,PREMIUM,326.77,OFFRE_RETENTION_PREMIUM
655,2,2,0,335,TRAIN,PREMIUM,56.08,87,0.0,708,GOLD,15,0,0,1.0,0.0,1,0.758,0.72,1,0.98,PREMIUM,224.04,OFFRE_RETENTION_PREMIUM
656,1,1,0,437,TRAIN,BASIC,25.27,103,0.0,207,SILVER,7,0,0,1.0,0.655,1,0.714,0.373,1,0.994,BASIC,105.61,CODE_PROMO_URGENCE
657,1,0,1,874,METRO,BASIC,26.19,303,26.19,444,SILVER,20,0,0,0.0,0.26,0,0.158,0.498,0,0.301,BASIC,146.19,MAINTENIR_ENGAGEMENT
658,4,0,4,538,TRAIN,PREMIUM,63.34,240,253.35,209,SILVER,10,1,46,0.0,0.652,0,0.333,0.657,0,0.455,PREMIUM,484.67,MAINTENIR_ENGAGEMENT
659,6,0,6,171,TRAIN,FREE,4.25,159,25.52,578,GOLD,19,0,0,0.0,0.037,0,0.558,0.551,0,0.318,BASIC,62.2,PROPOSER_UPGRADE_BASIC
660,3,3,0,730,TRAIN,BASIC,30.55,275,0.0,686,GOLD,29,0,0,1.0,0.0,1,0.236,0.594,1,0.964,BASIC,150.4,CODE_PROMO_URGENCE
661,8,2,6,894,FERRY,BASIC,26.1,186,156.61,479,SILVER,10,0,0,0.25,0.202,1,0.483,0.682,1,0.888,PREMIUM,254.52,CODE_PROMO_URGENCE
662,3,1,2,190,FERRY,BASIC,24.25,50,48.5,235,SILVER,29,1,278,0.333,0.608,0,0.861,0.438,1,0.485,BASIC,107.89,CODE_PROMO_URGENCE
663,2,2,0,374,TRAIN,FREE,3.26,155,0.0,193,BRONZE,12,1,275,1.0,0.678,0,0.569,0.223,1,0.802,FREE,26.14,CODE_PROMO_URGENCE
664,3,0,3,792,BUS,FREE,4.71,341,14.12,747,GOLD,28,0,0,0.0,0.0,0,0.053,0.473,0,0.192,BASIC,66.15,PROPOSER_UPGRADE_BASIC
665,1,0,1,312,METRO,BASIC,31.11,193,31.11,504,GOLD,20,0,0,0.0,0.16,0,0.464,0.558,0,0.342,BASIC,158.82,MAINTENIR_ENGAGEMENT
666,5,0,5,442,METRO,BASIC,31.37,139,156.83,107,BRONZE,14,0,0,0.0,0.822,0,0.614,0.514,1,0.672,BASIC,277.92,CODE_PROMO_URGENCE
667,3,3,0,289,METRO,BASIC,24.83,296,0.0,772,GOLD,4,1,84,1.0,0.0,0,0.178,0.554,1,0.68,BASIC,102.08,CODE_PROMO_URGENCE
668,4,2,2,617,TRAMWAY,FREE,0.0,158,0.0,585,GOLD,29,0,0,0.5,0.025,1,0.561,0.424,1,0.922,BASIC,12.53,CODE_PROMO_URGENCE
669,1,0,1,50,FERRY,BASIC,25.3,313,25.3,108,BRONZE,20,1,265,0.0,0.82,0,0.131,0.352,0,0.211,BASIC,40.08,MAINTENIR_ENGAGEMENT
670,6,1,5,195,TRAIN,FREE,3.33,158,16.65,217,SILVER,2,1,158,0.167,0.638,0,0.561,0.374,0,0.468,BASIC,28.95,PROPOSER_UPGRADE_BASIC
671,1,0,1,245,METRO,PREMIUM,56.84,140,56.84,37,BRONZE,3,0,0,0.0,0.938,0,0.611,0.495,1,0.716,BASIC,198.58,OFFRE_RETENTION_PREMIUM
672,8,3,5,255,METRO,FREE,2.35,241,11.73,196,BRONZE,0,0,0,0.375,0.673,1,0.331,0.378,1,0.955,BASIC,22.29,CODE_PROMO_URGENCE
673,1,0,1,382,METRO,BASIC,24.02,132,24.02,549,GOLD,30,0,0,0.0,0.085,0,0.633,0.527,0,0.357,BASIC,136.13,MAINTENIR_ENGAGEMENT
674,7,2,5,56,FERRY,PREMIUM,60.89,89,304.45,434,SILVER,13,0,0,0.286,0.277,1,0.753,0.801,1,0.932,PREMIUM,322.2,OFFRE_RETENTION_PREMIUM
675,6,3,3,365,BUS,BASIC,25.9,87,77.71,627,GOLD,25,1,77,0.5,0.0,0,0.758,0.651,1,0.559,PREMIUM,186.56,CODE_PROMO_URGENCE
676,3,1,2,800,TRAMWAY,BASIC,28.96,331,57.91,664,GOLD,2,1,97,0.333,0.0,0,0.081,0.623,0,0.249,BASIC,190.61,MAINTENIR_ENGAGEMENT
677,7,0,7,499,METRO,BASIC,27.65,254,193.58,639,GOLD,4,0,0,0.0,0.0,0,0.294,0.754,0,0.241,PREMIUM,324.04,PROPOSER_UPGRADE_PREMIUM
678,2,0,2,155,TRAMWAY,BASIC,29.23,84,58.46,696,GOLD,19,1,84,0.0,0.0,0,0.767,0.615,0,0.261,BASIC,141.45,MAINTENIR_ENGAGEMENT
679,8,0,8,855,FERRY,FREE,0.0,338,0.0,135,BRONZE,5,1,94,0.0,0.775,0,0.061,0.396,0,0.367,BASIC,11.34,PROPOSER_UPGRADE_BASIC
680,5,2,3,629,TRAIN,BASIC,28.58,242,85.75,302,SILVER,13,1,17,0.4,0.497,0,0.328,0.536,1,0.667,BASIC,189.93,CODE_PROMO_URGENCE
681,6,3,3,495,BUS,BASIC,25.77,300,77.31,60,BRONZE,26,0,0,0.5,0.9,1,0.167,0.425,1,0.973,BASIC,147.55,CODE_PROMO_URGENCE
682,1,1,0,748,TRAMWAY,PREMIUM,62.0,174,0.0,738,GOLD,25,1,215,1.0,0.0,0,0.517,0.71,1,0.609,PREMIUM,269.6,OFFRE_RETENTION_PREMIUM
683,5,2,3,186,TRAMWAY,BASIC,28.31,176,84.92,295,SILVER,18,1,200,0.4,0.508,0,0.511,0.531,0,0.483,BASIC,135.83,MAINTENIR_ENGAGEMENT
684,6,1,5,889,BUS,FREE,0.0,141,0.0,397,SILVER,19,1,258,0.167,0.338,0,0.608,0.425,0,0.239,BASIC,21.26,PROPOSER_UPGRADE_BASIC
685,2,2,0,320,TRAMWAY,BASIC,33.67,158,0.0,657,GOLD,13,1,361,1.0,0.0,0,0.561,0.606,0,0.424,BASIC,130.94,MAINTENIR_ENGAGEMENT
686,6,1,5,443,TRAIN,FREE,3.9,200,19.52,166,BRONZE,18,0,0,0.167,0.723,1,0.444,0.356,1,0.94,BASIC,34.94,CODE_PROMO_URGENCE
687,3,1,2,127,TRAMWAY,FREE,0.0,323,0.0,472,SILVER,24,0,0,0.333,0.213,1,0.103,0.367,1,0.863,BASIC,25.03,CODE_PROMO_URGENCE
688,1,1,0,773,TRAIN,FREE,3.38,222,0.0,718,GOLD,13,0,0,1.0,0.0,1,0.383,0.384,1,0.97,BASIC,52.82,CODE_PROMO_URGENCE
689,5,0,5,585,TRAMWAY,BASIC,27.4,151,137.02,781,GOLD,8,0,0,0.0,0.0,0,0.581,0.692,0,0.309,PREMIUM,280.55,PROPOSER_UPGRADE_PREMIUM
690,3,1,2,419,TRAMWAY,FREE,4.31,147,8.61,166,BRONZE,25,0,0,0.333,0.723,1,0.592,0.269,1,0.966,FREE,18.98,CODE_PROMO_URGENCE
691,1,1,0,125,FERRY,BASIC,29.15,204,0.0,130,BRONZE,12,1,129,1.0,0.783,0,0.433,0.368,1,0.902,BASIC,42.85,CODE_PROMO_URGENCE
692,6,1,5,205,TRAIN,FREE,0.0,131,0.0,546,GOLD,12,0,0,0.167,0.09,1,0.636,0.487,1,0.863,BASIC,38.33,CODE_PROMO_URGENCE
693,1,0,1,30,BUS,BASIC,32.3,175,32.3,429,SILVER,29,0,0,0.0,0.285,0,0.514,0.535,0,0.408,BASIC,68.75,MAINTENIR_ENGAGEMENT
694,5,3,2,614,FERRY,PREMIUM,61.86,356,123.72,613,GOLD,10,1,209,0.6,0.0,0,0.011,0.79,0,0.244,PREMIUM,338.75,MAINTENIR_ENGAGEMENT
695,8,0,8,891,METRO,PREMIUM,56.0,77,447.97,563,GOLD,19,1,306,0.0,0.062,0,0.786,0.925,0,0.107,PREMIUM,679.39,MAINTENIR_ENGAGEMENT
696,7,0,7,57,BUS,BASIC,27.52,287,192.63,111,BRONZE,15,0,0,0.0,0.815,0,0.203,0.549,1,0.552,BASIC,215.81,CODE_PROMO_URGENCE
697,8,1,7,803,TRAMWAY,BASIC,29.27,92,204.87,679,GOLD,22,0,0,0.125,0.0,1,0.744,0.775,1,0.846,PREMIUM,326.04,CODE_PROMO_URGENCE
698,7,0,7,203,FERRY,FREE,0.0,245,0.0,453,SILVER,1,0,0,0.0,0.245,0,0.319,0.499,0,0.337,BASIC,13.55,PROPOSER_UPGRADE_BASIC
699,4,3,1,572,TRAIN,FREE,0.0,97,0.0,173,BRONZE,29,1,242,0.75,0.712,0,0.731,0.232,1,0.77,FREE,9.47,CODE_PROMO_URGENCE
700,2,2,0,101,TRAMWAY,PREMIUM,62.25,297,0.0,728,GOLD,17,1,306,1.0,0.0,0,0.175,0.72,0,0.385,PREMIUM,99.95,MAINTENIR_ENGAGEMENT
701,7,2,5,289,FERRY,FREE,0.0,329,0.0,118,BRONZE,1,0,0,0.286,0.803,1,0.086,0.319,1,0.941,FREE,5.66,CODE_PROMO_URGENCE
702,3,1,2,729,TRAMWAY,FREE,1.49,257,2.97,433,SILVER,15,1,359,0.333,0.278,0,0.286,0.361,0,0.143,BASIC,19.73,PROPOSER_UPGRADE_BASIC
703,5,1,4,278,TRAMWAY,FREE,0.58,209,2.31,710,GOLD,18,1,115,0.2,0.0,0,0.419,0.484,0,0.245,BASIC,37.8,PROPOSER_UPGRADE_BASIC
704,2,1,1,307,TRAMWAY,BASIC,25.36,159,25.36,799,GOLD,0,0,0,0.5,0.0,1,0.558,0.568,1,0.918,BASIC,138.15,CODE_PROMO_URGENCE
705,2,0,2,759,BUS,BASIC,33.34,38,66.68,279,SILVER,4,1,89,0.0,0.535,0,0.894,0.51,0,0.512,BASIC,200.09,MAINTENIR_ENGAGEMENT
706,4,2,2,620,FERRY,BASIC,29.33,196,58.66,68,BRONZE,3,1,306,0.5,0.887,0,0.456,0.414,1,0.554,BASIC,161.24,CODE_PROMO_URGENCE
707,3,3,0,256,TRAIN,PREMIUM,63.17,89,0.0,513,GOLD,22,0,0,1.0,0.145,1,0.753,0.694,1,0.985,PREMIUM,185.42,OFFRE_RETENTION_PREMIUM
708,5,0,5,756,BUS,FREE,0.0,37,0.0,596,GOLD,20,0,0,0.0,0.007,0,0.897,0.498,0,0.399,BASIC,35.08,PROPOSER_UPGRADE_BASIC
709,1,1,0,44,FERRY,BASIC,24.11,189,0.0,476,SILVER,22,1,164,1.0,0.207,0,0.475,0.477,1,0.739,BASIC,33.67,CODE_PROMO_URGENCE
710,3,0,3,169,TRAMWAY,FREE,2.19,183,6.58,127,BRONZE,15,0,0,0.0,0.788,0,0.492,0.258,1,0.625,FREE,16.9,CODE_PROMO_URGENCE
711,3,0,3,343,FERRY,BASIC,28.19,89,84.58,308,SILVER,16,1,4,0.0,0.487,0,0.753,0.516,1,0.564,BASIC,191.91,CODE_PROMO_URGENCE
712,2,2,0,203,TRAIN,BASIC,30.97,84,0.0,690,GOLD,20,0,0,1.0,0.0,1,0.767,0.587,1,0.981,BASIC,102.26,CODE_PROMO_URGENCE
713,3,1,2,63,TRAMWAY,FREE,0.0,326,0.0,559,GOLD,30,1,194,0.333,0.068,0,0.094,0.403,0,0.183,BASIC,31.5,PROPOSER_UPGRADE_BASIC
714,6,3,3,311,FERRY,BASIC,29.22,181,87.66,782,GOLD,5,1,356,0.5,0.0,0,0.497,0.675,0,0.167,PREMIUM,191.79,PROPOSER_UPGRADE_PREMIUM
715,6,1,5,258,TRAIN,BASIC,31.29,86,156.47,678,GOLD,26,1,259,0.167,0.0,0,0.761,0.729,0,0.169,PREMIUM,255.43,PROPOSER_UPGRADE_PREMIUM
716,6,2,4,444,TRAIN,FREE,2.57,252,10.27,248,SILVER,13,0,0,0.333,0.587,1,0.3,0.361,1,0.94,BASIC,24.01,CODE_PROMO_URGENCE
717,1,0,1,405,TRAIN,BASIC,25.03,212,25.03,318,SILVER,12,1,240,0.0,0.47,0,0.411,0.438,0,0.186,BASIC,125.21,MAINTENIR_ENGAGEMENT
718,3,1,2,571,TRAMWAY,BASIC,29.15,55,58.31,427,SILVER,24,1,194,0.333,0.288,0,0.847,0.552,0,0.452,BASIC,173.06,MAINTENIR_ENGAGEMENT
719,1,0,1,876,TRAIN,FREE,0.0,109,0.0,499,SILVER,26,1,76,0.0,0.168,0,0.697,0.338,0,0.315,FREE,23.78,MAINTENIR_ENGAGEMENT
720,6,1,5,276,BUS,BASIC,32.8,173,164.01,346,SILVER,23,0,0,0.167,0.423,1,0.519,0.634,1,0.909,BASIC,256.33,CODE_PROMO_URGENCE
721,7,1,6,327,METRO,FREE,3.24,312,19.43,542,GOLD,24,0,0,0.143,0.097,1,0.133,0.538,1,0.767,BASIC,56.37,CODE_PROMO_URGENCE
722,8,2,6,900,METRO,FREE,0.0,168,0.0,363,SILVER,10,0,0,0.25,0.395,1,0.533,0.451,1,0.922,BASIC,8.59,CODE_PROMO_URGENCE
723,8,3,5,245,TRAIN,BASIC,28.56,302,142.8,126,BRONZE,9,0,0,0.375,0.79,1,0.161,0.532,1,0.955,BASIC,195.6,CODE_PROMO_URGENCE
724,4,2,2,359,TRAIN,PREMIUM,54.82,235,109.64,594,GOLD,8,1,211,0.5,0.01,0,0.347,0.778,0,0.275,PREMIUM,310.69,MAINTENIR_ENGAGEMENT
725,8,2,6,636,FERRY,FREE,3.69,364,22.16,561,GOLD,9,1,105,0.25,0.065,0,0.0,0.56,0,0.209,BASIC,57.97,PROPOSER_UPGRADE_BASIC
726,1,1,0,850,TRAIN,BASIC,27.45,332,0.0,286,SILVER,12,0,0,1.0,0.523,1,0.078,0.421,1,0.983,BASIC,114.17,CODE_PROMO_URGENCE
727,6,1,5,311,BUS,FREE,0.0,53,0.0,60,BRONZE,10,0,0,0.167,0.9,1,0.853,0.285,1,0.972,FREE,2.02,CODE_PROMO_URGENCE
728,8,3,5,271,FERRY,FREE,0.0,163,0.0,220,SILVER,5,1,120,0.375,0.633,0,0.547,0.372,1,0.64,BASIC,11.64,CODE_PROMO_URGENCE
729,8,0,8,471,BUS,PREMIUM,55.43,236,443.47,176,BRONZE,20,0,0,0.0,0.707,0,0.344,0.763,1,0.546,PREMIUM,653.52,OFFRE_RETENTION_PREMIUM
730,5,3,2,879,FERRY,BASIC,29.81,150,59.62,735,GOLD,11,0,0,0.6,0.0,1,0.583,0.649,1,0.937,BASIC,181.15,CODE_PROMO_URGENCE
731,1,0,1,589,FERRY,BASIC,31.9,56,31.9,184,BRONZE,12,1,33,0.0,0.693,0,0.844,0.43,1,0.641,BASIC,154.97,CODE_PROMO_URGENCE
732,1,1,0,489,FERRY,FREE,3.63,309,0.0,494,SILVER,7,0,0,1.0,0.177,1,0.142,0.341,1,0.97,FREE,47.06,CODE_PROMO_URGENCE
733,2,2,0,708,METRO,FREE,0.0,67,0.0,538,GOLD,9,1,300,1.0,0.103,0,0.814,0.344,1,0.627,FREE,27.83,CODE_PROMO_URGENCE
734,7,3,4,724,TRAIN,BASIC,25.34,124,101.36,413,SILVER,30,0,0,0.429,0.312,1,0.656,0.599,1,0.949,BASIC,188.15,CODE_PROMO_URGENCE
735,1,1,0,119,TRAIN,BASIC,24.4,196,0.0,506,GOLD,29,0,0,1.0,0.157,1,0.456,0.492,1,0.979,BASIC,50.95,CODE_PROMO_URGENCE
736,4,3,1,828,BUS,FREE,0.0,199,0.0,120,BRONZE,16,1,100,0.75,0.8,0,0.447,0.21,1,0.859,FREE,13.68,CODE_PROMO_URGENCE
737,1,0,1,839,TRAMWAY,BASIC,32.29,269,32.29,348,SILVER,24,0,0,0.0,0.42,0,0.253,0.501,0,0.392,BASIC,171.33,MAINTENIR_ENGAGEMENT
738,4,3,1,717,TRAMWAY,FREE,0.0,40,0.0,47,BRONZE,7,0,0,0.75,0.922,1,0.889,0.18,1,0.994,FREE,7.54,CODE_PROMO_URGENCE
739,8,3,5,211,FERRY,PREMIUM,61.75,195,308.76,147,BRONZE,12,1,109,0.375,0.755,0,0.458,0.691,1,0.679,PREMIUM,388.77,OFFRE_RETENTION_PREMIUM
740,5,3,2,237,BUS,FREE,0.0,179,0.0,585,GOLD,2,0,0,0.6,0.025,1,0.503,0.434,1,0.934,BASIC,33.96,CODE_PROMO_URGENCE
741,5,0,5,231,BUS,PREMIUM,57.26,41,286.3,662,GOLD,17,0,0,0.0,0.0,0,0.886,0.85,0,0.393,PREMIUM,457.23,MAINTENIR_ENGAGEMENT
742,6,2,4,73,BUS,BASIC,32.27,203,129.1,569,GOLD,22,0,0,0.333,0.052,1,0.436,0.703,1,0.875,PREMIUM,166.96,CODE_PROMO_URGENCE
743,4,0,4,839,TRAMWAY,FREE,0.0,351,0.0,465,SILVER,28,0,0,0.0,0.225,0,0.025,0.414,0,0.256,BASIC,23.77,PROPOSER_UPGRADE_BASIC
744,3,2,1,339,TRAMWAY,PREMIUM,59.54,325,59.54,117,BRONZE,16,1,197,0.667,0.805,0,0.097,0.549,1,0.658,BASIC,241.39,OFFRE_RETENTION_PREMIUM
745,2,0,2,499,METRO,FREE,2.86,82,5.71,278,SILVER,6,1,293,0.0,0.537,0,0.772,0.296,0,0.229,FREE,36.31,MAINTENIR_ENGAGEMENT
746,2,0,2,252,FERRY,BASIC,29.56,269,59.11,373,SILVER,6,1,361,0.0,0.378,0,0.253,0.522,0,0.076,BASIC,155.87,MAINTENIR_ENGAGEMENT
747,6,1,5,767,BUS,FREE,0.0,191,0.0,190,BRONZE,1,0,0,0.167,0.683,1,0.469,0.339,1,0.938,FREE,7.49,CODE_PROMO_URGENCE
748,1,0,1,716,BUS,FREE,2.55,244,2.55,419,SILVER,27,1,237,0.0,0.302,0,0.322,0.322,0,0.134,FREE,35.15,MAINTENIR_ENGAGEMENT
749,3,2,1,620,TRAIN,FREE,0.45,45,0.45,461,SILVER,10,0,0,0.667,0.232,1,0.875,0.345,1,0.974,FREE,33.61,CODE_PROMO_URGENCE
750,4,3,1,150,FERRY,BASIC,24.97,126,24.97,509,GOLD,11,0,0,0.75,0.152,1,0.65,0.547,1,0.969,BASIC,90.19,CODE_PROMO_URGENCE
751,1,1,0,581,BUS,PREMIUM,56.44,124,0.0,125,BRONZE,8,1,15,1.0,0.792,0,0.656,0.512,1,0.958,BASIC,216.3,OFFRE_RETENTION_PREMIUM
752,4,1,3,225,TRAMWAY,FREE,2.47,147,7.4,307,SILVER,6,1,190,0.25,0.488,0,0.592,0.345,0,0.419,FREE,30.73,MAINTENIR_ENGAGEMENT
753,3,0,3,759,TRAMWAY,FREE,0.0,238,0.0,579,GOLD,10,1,36,0.0,0.035,0,0.339,0.431,0,0.227,BASIC,29.33,PROPOSER_UPGRADE_BASIC
754,4,3,1,171,METRO,BASIC,29.35,40,29.35,389,SILVER,7,0,0,0.75,0.352,1,0.889,0.528,1,0.983,BASIC,91.1,CODE_PROMO_URGENCE
755,3,0,3,47,METRO,BASIC,28.74,324,86.21,161,BRONZE,15,0,0,0.0,0.732,0,0.1,0.458,1,0.484,BASIC,99.55,CODE_PROMO_URGENCE
756,5,0,5,626,METRO,BASIC,28.35,192,141.77,353,SILVER,23,1,149,0.0,0.412,0,0.467,0.596,0,0.266,BASIC,253.93,MAINTENIR_ENGAGEMENT
757,7,3,4,286,TRAMWAY,FREE,0.0,269,0.0,773,GOLD,11,0,0,0.429,0.0,1,0.253,0.5,1,0.867,BASIC,38.51,CODE_PROMO_URGENCE
758,5,2,3,254,TRAMWAY,PREMIUM,59.87,41,179.6,272,SILVER,14,0,0,0.4,0.547,1,0.886,0.673,1,0.972,PREMIUM,307.81,OFFRE_RETENTION_PREMIUM
759,7,1,6,571,TRAMWAY,PREMIUM,54.86,342,329.14,791,GOLD,12,1,208,0.143,0.0,0,0.05,0.89,0,0.098,PREMIUM,539.0,MAINTENIR_ENGAGEMENT
760,3,1,2,501,FERRY,PREMIUM,60.44,93,120.88,576,GOLD,21,0,0,0.333,0.04,1,0.742,0.76,1,0.908,PREMIUM,353.32,OFFRE_RETENTION_PREMIUM
761,4,2,2,751,BUS,FREE,0.0,342,0.0,334,SILVER,19,0,0,0.5,0.443,1,0.05,0.319,1,0.931,FREE,14.44,CODE_PROMO_URGENCE
762,1,0,1,728,FERRY,BASIC,24.32,294,24.32,235,SILVER,20,1,161,0.0,0.608,0,0.183,0.398,0,0.256,BASIC,125.59,MAINTENIR_ENGAGEMENT
763,3,2,1,355,TRAIN,FREE,0.96,171,0.96,212,SILVER,0,1,3,0.667,0.647,0,0.525,0.245,1,0.875,FREE,10.8,CODE_PROMO_URGENCE
764,3,0,3,123,TRAMWAY,BASIC,33.37,286,100.11,759,GOLD,18,0,0,0.0,0.0,0,0.206,0.674,0,0.222,PREMIUM,176.88,PROPOSER_UPGRADE_PREMIUM
765,7,1,6,490,METRO,BASIC,29.7,152,178.18,423,SILVER,15,0,0,0.143,0.295,1,0.578,0.674,1,0.889,PREMIUM,290.91,CODE_PROMO_URGENCE
766,8,0,8,816,TRAIN,BASIC,29.43,37,235.48,99,BRONZE,7,0,0,0.0,0.835,0,0.897,0.587,1,0.746,BASIC,342.09,CODE_PROMO_URGENCE
767,6,3,3,179,METRO,BASIC,26.59,251,79.77,11,BRONZE,1,1,208,0.5,0.982,0,0.303,0.411,1,0.677,BASIC,113.29,CODE_PROMO_URGENCE
768,1,1,0,433,TRAIN,BASIC,29.1,103,0.0,721,GOLD,29,0,0,1.0,0.0,1,0.714,0.564,1,0.979,BASIC,148.0,CODE_PROMO_URGENCE
769,5,1,4,214,FERRY,BASIC,27.19,282,108.77,65,BRONZE,14,0,0,0.2,0.892,1,0.217,0.447,1,0.946,BASIC,165.71,CODE_PROMO_URGENCE
770,1,0,1,673,TRAIN,FREE,4.74,198,4.74,245,SILVER,22,0,0,0.0,0.592,0,0.45,0.265,1,0.526,FREE,28.25,CODE_PROMO_URGENCE
771,7,0,7,187,BUS,BASIC,25.9,195,181.31,262,SILVER,4,0,0,0.0,0.563,0,0.458,0.6,1,0.516,BASIC,241.8,CODE_PROMO_URGENCE
772,6,0,6,216,TRAMWAY,BASIC,31.73,230,190.39,413,SILVER,5,0,0,0.0,0.312,0,0.361,0.674,0,0.376,PREMIUM,283.92,PROPOSER_UPGRADE_PREMIUM
773,3,0,3,692,TRAIN,FREE,0.0,346,0.0,455,SILVER,20,1,339,0.0,0.242,0,0.039,0.38,0,0.053,BASIC,22.62,PROPOSER_UPGRADE_BASIC
774,7,2,5,388,TRAMWAY,BASIC,24.45,184,122.23,357,SILVER,6,0,0,0.286,0.405,1,0.489,0.59,1,0.926,BASIC,203.52,CODE_PROMO_URGENCE
775,3,1,2,663,METRO,FREE,0.0,85,0.0,254,SILVER,2,0,0,0.333,0.577,1,0.764,0.276,1,0.964,FREE,7.58,CODE_PROMO_URGENCE
776,2,2,0,670,TRAIN,PREMIUM,57.9,60,0.0,339,SILVER,22,0,0,1.0,0.435,1,0.833,0.611,1,0.992,BASIC,219.4,OFFRE_RETENTION_PREMIUM
777,8,0,8,359,TRAMWAY,FREE,0.0,264,0.0,709,GOLD,2,1,314,0.0,0.0,0,0.267,0.59,0,0.052,BASIC,39.24,PROPOSER_UPGRADE_BASIC
778,4,2,2,496,BUS,PREMIUM,60.42,57,120.84,180,BRONZE,14,0,0,0.5,0.7,1,0.842,0.605,1,0.982,BASIC,320.15,OFFRE_RETENTION_PREMIUM
779,6,0,6,457,FERRY,BASIC,30.13,37,180.79,381,SILVER,9,1,258,0.0,0.365,0,0.897,0.65,0,0.235,BASIC,305.95,MAINTENIR_ENGAGEMENT
780,8,1,7,338,TRAMWAY,FREE,0.0,282,0.0,472,SILVER,17,0,0,0.125,0.213,1,0.217,0.517,1,0.811,BASIC,24.56,CODE_PROMO_URGENCE
781,5,0,5,188,TRAIN,BASIC,33.95,48,169.73,28,BRONZE,7,1,210,0.0,0.953,0,0.867,0.499,1,0.526,BASIC,232.1,CODE_PROMO_URGENCE
782,7,0,7,791,METRO,PREMIUM,54.87,77,384.1,83,BRONZE,11,0,0,0.0,0.862,0,0.786,0.695,1,0.73,PREMIUM,590.62,OFFRE_RETENTION_PREMIUM
783,4,3,1,719,BUS,PREMIUM,54.98,309,54.98,484,SILVER,23,0,0,0.75,0.193,1,0.142,0.712,1,0.947,PREMIUM,261.49,OFFRE_RETENTION_PREMIUM
784,3,0,3,750,TRAMWAY,BASIC,24.3,274,72.9,602,GOLD,30,0,0,0.0,0.0,0,0.239,0.61,0,0.229,BASIC,194.65,MAINTENIR_ENGAGEMENT
785,2,2,0,154,TRAMWAY,FREE,0.0,340,0.0,235,SILVER,7,0,0,1.0,0.608,1,0.056,0.218,1,0.985,FREE,15.12,CODE_PROMO_URGENCE
786,4,1,3,509,TRAMWAY,BASIC,24.83,284,74.49,668,GOLD,1,0,0,0.25,0.0,1,0.211,0.624,1,0.799,BASIC,187.51,CODE_PROMO_URGENCE
787,6,1,5,450,TRAIN,BASIC,33.0,60,164.99,414,SILVER,27,0,0,0.167,0.31,1,0.833,0.663,1,0.922,PREMIUM,298.1,CODE_PROMO_URGENCE
788,3,1,2,544,TRAIN,FREE,0.0,147,0.0,595,GOLD,3,1,134,0.333,0.008,0,0.592,0.418,0,0.337,BASIC,26.46,PROPOSER_UPGRADE_BASIC
789,5,1,4,890,FERRY,PREMIUM,61.0,281,244.01,7,BRONZE,12,0,0,0.2,0.988,1,0.219,0.583,1,0.954,BASIC,443.95,OFFRE_RETENTION_PREMIUM
790,4,3,1,587,TRAMWAY,BASIC,25.76,269,25.76,322,SILVER,16,0,0,0.75,0.463,1,0.253,0.474,1,0.971,BASIC,122.49,CODE_PROMO_URGENCE
791,7,0,7,312,METRO,PREMIUM,62.5,311,437.47,196,BRONZE,21,0,0,0.0,0.673,0,0.136,0.742,0,0.469,PREMIUM,643.08,MAINTENIR_ENGAGEMENT
792,5,2,3,105,BUS,PREMIUM,54.37,75,163.12,290,SILVER,29,0,0,0.4,0.517,1,0.792,0.681,1,0.967,PREMIUM,209.69,OFFRE_RETENTION_PREMIUM
793,2,0,2,414,BUS,FREE,0.0,317,0.0,281,SILVER,2,0,0,0.0,0.532,0,0.119,0.277,0,0.401,FREE,15.68,MAINTENIR_ENGAGEMENT
794,4,2,2,134,TRAIN,BASIC,32.23,359,64.45,290,SILVER,3,1,84,0.5,0.517,0,0.003,0.526,1,0.556,BASIC,99.96,CODE_PROMO_URGENCE
795,6,1,5,787,FERRY,PREMIUM,62.29,305,311.44,61,BRONZE,13,1,297,0.167,0.898,0,0.153,0.635,0,0.287,BASIC,511.57,BOOST_POINTS_LOYALTY
796,2,0,2,303,BUS,PREMIUM,57.13,226,114.27,417,SILVER,22,0,0,0.0,0.305,0,0.372,0.684,0,0.377,PREMIUM,309.92,MAINTENIR_ENGAGEMENT
797,8,2,6,351,FERRY,PREMIUM,57.7,245,346.22,436,SILVER,28,1,266,0.25,0.273,0,0.319,0.832,0,0.189,PREMIUM,531.36,MAINTENIR_ENGAGEMENT
798,7,0,7,307,BUS,FREE,0.0,72,0.0,359,SILVER,11,0,0,0.0,0.402,0,0.8,0.46,1,0.546,BASIC,15.01,CODE_PROMO_URGENCE
799,2,1,1,661,METRO,BASIC,26.02,311,26.02,231,SILVER,25,1,147,0.5,0.615,0,0.136,0.418,1,0.554,BASIC,128.42,CODE_PROMO_URGENCE
800,6,3,3,411,FERRY,FREE,0.0,78,0.0,747,GOLD,16,0,0,0.5,0.0,1,0.783,0.47,1,0.936,BASIC,35.6,CODE_PROMO_URGENCE
